id_publisher,boardgamefamily_
1,Z-Man Games
2,Hans im Glück
3,KOSMOS
4,Repos Production
5,Rio Grande Games
6,Days of Wonder
7,Czech Games Edition
8,FryxGames
9,Lookout Games
10,alea
11,Space Cowboys
12,Stonemaier Games
13,Next Move Games
14,IELLO
15,Alderac Entertainment Group
16,2F-Spiele
17,Libellud
18,Wizards of the Coast
19,Cephalofair Games
20,Gamewright
21,Steve Jackson Games
22,GMT Games
23,Feuerland Spiele
24,ABACUSSPIELE
25,Plaid Hat Games
26,GameWorks SàRL
27,AMIGO
28,"Avalon Hill Games, Inc."
29,Indie Boards & Cards
30,Wise Wizard Games
31,Adventureland Games
32,Bombyx
33,Cool Mini Or Not
34,Fantasy Flight Games
35,Portal Games
36,Blue Orange (EU)
37,eggertspiele
38,"Greater Than Games, LLC"
39,Renegade Game Studios
40,Gen42 Games
41,(Unknown)
42,Leder Games
43,PD-Verlag
44,Roxley
45,Arcane Wonders
46,(Public Domain)
47,Floodgate Games
48,Queen Games
49,Schmidt Spiele
50,WizKids
51,Starling Games (II)
52,Grounding
53,dV Giochi
54,Ystari Games
55,Pegasus Spiele
56,Lautapelit.fi
57,Ludonaute
58,2 Pionki
59,"Ad Magic, Inc."
60,Calliope Games
61,Cards Against Humanity  LLC
62,dlp games
63,Educational Insights
64,Bézier Games
65,Nürnberger-Spielkarten-Verlag
66,Funforge
67,Parker Brothers
68,Blue Cocker Games
69,Goat Wolf & Cabbage
70,Upper Deck Entertainment
71,Garphill Games
72,Plan B Games
73,Pearl Games
74,R&D Games
75,Bambus Spieleverlag
76,Hobby World
77,Matagot
78,Serious Poulp
79,Stratelibri
80,3M
81,Sleuth Publications
82,Ravensburger
83,Hasbro
84,Czech Board Games
85,Eagle-Gryphon Games
86,"Beverly Enterprises, Inc."
87,Jolly Thinkers
88,Asmodee
89,Awaken Realms
90,CMON Global Limited
91,Sit Down!
92,conception
93,MindWare
94,Gamelyn Games
95,Lucky Duck Games
96,Karma Games
97,Thunderworks Games
98,Lui-même
99,Looney Labs
100,Hurrican
101,Dr. Finn's Games
102,Asmadi Games
103,Ammonit Spiele
104,Ares Games
105,Splotter Spellen
106,Horrible Guild
107,NSKN Games
108,Riot Games
109,Filosofia Éditions
110,Dire Wolf
111,Fireside Games
112,"Twilight Creations, Inc."
113,Brotherwise Games
114,Grey Fox Games
115,North Star Games
116,Clever Mojo Games
117,Le Scorpion Masqué
118,Carlit
119,Nexus Editrice
120,Atlas Games
121,Användbart Litet Företag
122,The Op
123,Sand Castle Games
124,Red Raven Games
125,Black Industries
126,Fata Morgana Spiele
127,Action Phase Games
128,Flying Frog Productions
129,Mindclash Games
130,Cambridge Games Factory
131,Pandasaurus Games
132,Sweet Games
133,EmperorS4
134,Marabunta
135,Delicious Games
136,Argentum Verlag
137,Keymaster Games
138,The Avalon Hill Game Co
139,Stone Blade Entertainment
140,Paizo Publishing
141,Oink Games
142,Games Workshop Ltd.
143,"Set Enterprises, Inc."
144,Alga
145,Zoch Verlag
146,Editions ATLAS
147,The City of Games
148,"Gale Force Nine, LLC"
149,Foxtrot Games
150,Asterion Press
151,Cranio Creations
152,Game's Up
153,Jedko Games
154,HUCH!
155,Hall Games
156,Ferti
157,Tropical Games
158,Tasty Minstrel Games
159,Drei Magier Spiele
160,La Boîte de Jeu
161,OKAZU Brand
162,Mayfair Games
163,Restoration Games
164,Treefrog Games
165,Rebel Sp. z o.o.
166,Fowers Games
167,ASS Altenburger Spielkarten
168,Spielworxx
169,Warfrog Games
170,Conclave Editora
171,"Bananagrams, Inc."
172,Minion Games
173,Windrider Games
174,Osprey Games
175,K. Fisher Enterprises Ltd.
176,BLAM !
177,Brain Games
178,HABA
179,Game Office
180,Eurogames
181,F.X. Schmid
182,"Cranium, Inc."
183,Corax Games
184,Arclight
185,"Yuhodo, Inc."
186,(Self-Published)
187,Flatout Games
188,"Jax, Ltd."
189,Far Off Games
190,Pretzel Games
191,"Game Republic, Inc."
192,Kingdom Death
193,Kolossal Games
194,Winning Moves Germany
195,Chip Theory Games
196,Don & Co.
197,Two Lanterns Games
198,Ankama
199,Ludically
200,Diset S. A.
201,AS Manufacturas
202,Venice Connection
203,Wiggles 3D
204,Edition Spielwiese
205,SlugFest Games
206,APEX Spiel und Hobby
207,Burnt Island Games
208,Hartland Trefoil Ltd.
209,Game Brewer
210,Frosted Games
211,Quined White Goblin Games
212,Gigamic
213,Artipia Games
214,Klask ApS
215,Wehrlegig Games
216,Abalone Games
217,Cheapass Games
218,999 Games
219,Cryptozoic Entertainment
220,Brädspel.se
221,Palm Court
222,Black Monk
223,Button Shy
224,"Robot Martini, Inc."
225,Stronghold Games
226,"Basic Fun, Inc."
227,Fragor Games
228,Hush Hush Projects
229,GRRRE Games
230,Hobby Japan
231,Nauvoo Games
232,Pro Ludo
233,Edge Entertainment
234,White Goblin Games
235,Aporta Games
236,Blue Orange Games
237,Board&Dice
238,Canada Games
239,Playroom Entertainment
240,Five24 Labs
241,R&R Games
242,Grandpa Beck's Games
243,"Orange Nebula, LLC"
244,Sinister Fish Games
245,Funtails
246,Milton Bradley
247,Megacorpin Games
248,Game Salute
249,Phalanx Games B.V.
250,Druid City Games
251,Petersen Games
252,"Valley Games, Inc."
253,Breaking Games
254,BoardM Factory
255,Van Ryder Games
256,Kayal Games
257,Surprised Stare Games Ltd
258,Corfix
259,Tuesday Knight Games
260,Doris & Frank
261,What's Your Game?
262,Drawlab Entertainment
263,Daily Magic Games
264,Mondo Games
265,Snowdale Design
266,Mind Bottling Games
267,Boosterbox.nl
268,Alley Cat Games
269,Level 99 Games
270,Portal Dragon
271,Alexander
272,Monolith
273,BakaFire Party
274,CMYK
275,Fractal Juegos
276,Alary Games
277,"Academy Games, Inc."
278,Jolly Roger Games
279,Victory Point Games
280,Tranjis Games
281,Descartes Editeur
282,"Korea Boardgames Co., Ltd."
283,Goldsieber Spiele
284,Columbia Games
285,TSR
286,Catch Up Games
287,Eon
288,Catalyst Game Labs
289,Piece Craft
290,Homosapiens Lab
291,Giochix.it
292,Devir
293,Copag Cards
294,MESAboardgames
295,ASYNCRON games
296,Capstone Games
297,Steamforged Games Ltd.
298,StrataMax Games
299,Road To Infamy Games (R2i Games)
300,"SchilMil Games, Ltd."
301,Identity Games International B.V.
302,"Gemblo, Inc."
303,Edition Perlhuhn (Göttinger Spiele)
304,Inside the Box Board Games LLP (ITB)
305,Cosmodrome Games
306,Anomia Press
307,Bard Centrum Gier
308,Cwali
309,The Creativity Hub
310,Altar Games
311,Catan Studio
312,(Web published)
313,"U.S. Games Systems, Inc."
314,Instytut Pamięci Narodowej (IPN)
315,Brightway Products Ltd
316,db-Spiele
317,IronWall Games
318,Cube Factory of Ideas
319,BoardGameTables.com
320,AS Company
321,ボドゲイム (Bodogeimu)
322,Adlung-Spiele
323,Sierra Madre Games
324,Catan GmbH
325,"Arsenal Publishing, Inc."
326,Mattel
327,Carrom Art
328,Beacon Multimedia S.A.
329,Competo / Marektoy
330,Take On You
331,Heidelberger Spieleverlag
332,Clipper
333,Delight
334,Ragnar Brothers
335,Odd Bird Games
336,Helvetiq
337,Kayenta Games
338,Gameland 游戏大陆
339,Overworld Games
340,Cafe Games
341,CEFA (Celulosa Fabril S. A.)
342,Metafactory Games
343,Histogame
344,Pressman Toy Corp.
345,Delta Vision Publishing
346,Berserkr Jogos
347,Ariel Productions Ltd
348,Elzra Corp. (Elzra)
349,Dice Hate Me Studio
350,Sirlin Games
351,Out of the Box Publishing
352,Burley Games
353,Rawstone
354,"Flying Buffalo, Inc. (FBI)"
355,Dutch Blitz Games Company
356,Giochi Uniti
357,Arxon
358,Ndemic Creations
359,Irongames
360,LudoArt Verlag
361,ThunderGryph Games
362,Gammon Games
363,Big Potato
364,Funko Games
365,cosaic
366,PSC Games
367,Facade Games
368,MEBO Games
369,Mind the Move
370,Borras Plana S.A.
371,Forbidden Games
372,Editrice Giochi
373,Board Game Rookie
374,Wiggity Bang Games
375,2Tomatoes Games
376,Blizzard Entertainment
377,Krok Nik Douil editions
378,Themeborne Ltd.
379,Ninja Division
380,Studio GG
381,Grow Jogos e Brinquedos
382,Angry Lion Games
383,Moonster Games
384,"The Lumenaris Group, Inc."
385,"Griggling Games, Inc."
386,Ascora Games
387,Meromorph Games
388,DiceTree Games
389,Ambassador Games
390,Arrakis Games
391,Ahorn Holz und Spiel
392,Rallyman
393,NECA
394,JKLM Games
395,Elf Creek Games
396,Blackrock Games
397,Boardcubator
398,All In Games
399,IDW Games
400,Ludonova
401,Cardinal
402,Citadel UK
403,"Deep Thought Games, LLC"
404,Rebel Studio
405,Kanai Factory
406,Decipher
407,ADC Blackfire Entertainment GmbH
408,Dice Tower Games
409,PS-Games
410,GoKids 玩樂小子
411,MB Giochi
412,IGAMES
413,FoxGames
414,Big G Creative
415,Mercury Games
416,Altema Games
417,Quined Games
418,Rock Manor Games
419,Kawasaki Factory
420,Saashi & Saashi
421,Giochi Preziosi
422,Tilsit
423,Ludus Magnus Studio
424,Studio H
425,Parallel Games
426,Galápagos Jogos
427,Moaideas Game Design
428,HeidelBÄR Games
429,Deinko Games
430,Closet Nerd Games
431,Egmont Polska
432,Educa Korea
433,Holy Grail Games
434,"Braincog, Inc."
435,Galakta
436,Happy Baobab
437,Rightgames RBG SIA
438,Privateer Press
439,Gecko Games
440,8th Summit
441,Devil Pig Games
442,Chieftain Products
443,Dust Games
444,Patch Products
445,On Target Games
446,Diseños Orbitales
447,Beautiful Africa
448,Gen-X Games
449,TWOPLUS Games
450,Evertide Games
451,Placentia Games
452,Exploding Kittens
453,Smirk & Dagger Games
454,LudiCreations
455,hobbity.eu
456,TeeTurtle
457,Crash Games
458,Hemisphere Games
459,Buró
460,Ergo Ludo Editions
461,Purple Brain Creations
462,Bandai
463,Final Frontier Games
464,APE Games
465,2Geeks
466,Albi
467,Your Move Games
468,Great American Puzzle Factory
469,Granna
470,itten
471,ADC Blackfire Entertainment
472,Czacha Games
473,TableStar Games
474,Ericsson
475,LEGO
476,Maestro Media
477,Blue Opal
478,PHALANX
479,Grail Games
480,Edinorog
481,Greenbrier Games
482,Dino Toys s. r. o.
483,HomoLudicus
484,ThinkFun
485,Venatic Games
486,Lucrum Games
487,"Subbuteo Sports Games, LTD"
488,Common Man Games
489,Magilano
490,Gremlin Project
491,Bergsala Enigma (Enigma)
492,Damm / Egmont
493,Evil Hat Productions
494,MegaCon Games
495,Decision Games (I)
496,Piatnik
497,Hall or Nothing Productions
498,Underdog Games (I)
499,Dolphin Hat Games
500,GARYKIMGAMES
501,Stellar Factory
502,Banana Games
503,Berliner Spielkarten
504,Bloom Games (Korean)
505,Succubus Publishing
506,Jumbo
507,AVStudioGames
508,PieceKeeper Games
509,Grand Gamers Guild
510,Consim Press
511,Small Box Games
512,Face2Face Games
513,TIKI Editions
514,Red Rook Games
515,Medusa Games
516,Artana
517,UTSUROI
518,"AURUM, Inc."
519,Mantic Games
520,Skybound Games
521,Buffalo Games
522,Crown & Andrews Ltd.
523,5pb. Inc.
524,El Dorado Games
525,Drumond Park Ltd.
526,Pendragon Game Studio
527,Godot Games
528,Leonardo Games
529,Kuźnia Gier
530,Cole Medeiros Games
531,Jacksmack Games
532,Early Learning Centre
533,GaGa Games
534,Gigantoskop
535,Grouper Games
536,Braincrack Games
537,Flatlined Games
538,Amo Oy
539,funbot
540,Pilot Games
541,Synapses Games
542,CrossCut Games
543,ICE Makes
544,Emergent Games (II)
545,Estrela
546,Fox in the Box
547,Anvol
548,Australian Design Group
549,Triton Noir
550,Konami Digital Entertainment B.V.
551,3 Emme Games
552,Clementoni
553,GateOnGames
554,franjos Spieleverlag
555,Awaken Realms Lite
556,Geek Attitude Games
557,新ボードゲーム党 (New Board Game Party)
558,Selecta Spielzeug
559,Three Hares Games
560,Cactus Game Design
561,Spin Master Ltd.
562,Geronimo Games
563,Origames
564,Hanser
565,Starting Player
566,"Pencil First Games, LLC"
567,Lifestyle Boardgames Ltd
568,University Games
569,Falomir Juegos
570,Meridae Games
571,Red Glove
572,Laboratory Games
573,"Amarillo Design Bureau, Inc."
574,Grublin Games Publishing
575,Mortensen Games
576,Mighty Box (Mighty Box Games)
577,Broadway Toys LTD
578,CrowD Games
579,Phase Shift Games
580,Baldar
581,Nanox Games
582,Funskool Games
583,G3
584,Deep Print Games
585,Dexker Games
586,Black Book Éditions
587,Victory Games (I)
588,"Five Below Merchandising, Inc."
589,Mogel-Verlag
590,Asmodee China
591,CreateSpace
592,Sorry We Are French
593,Dan Verssen Games (DVG)
594,Worldspanner
595,Mirror Box Games
596,Game Night Productions
597,RASS Games
598,Emma Games
599,Airfix
600,Backspindle Games Ltd.
601,Melissa & Doug
602,Mythic Games
603,Terrorbull Games
604,Markee Games
605,Eventide Games
606,Marvel Entertainment
607,Blacklist Games
608,Euro Games
609,Mayday Games
610,Action GT
611,ABRA
612,GIndie
613,Smirk & Laughter Games
614,Fever Games
615,Strat-O-Matic Game Company
616,GDM Games
617,Chronicle Games (Board Game)
618,St. Laurent Games
619,Bookmark Verlag
620,Esdevium
621,こっち屋 (Kocchiya)
622,Badgers from Mars
623,Board Game Hub
624,MB Jeux
625,All-Aboard Games
626,Axel
627,Ace Studios
628,Knapsack Games
629,Multi-Man Publishing
630,Cloud Island
631,Reiver Games
632,Battlefront Miniatures Ltd
633,Banner Of War
634,Endless Games (I)
635,Immortal Eyes Games
636,Discovery Toys
637,Casper
638,TENKIGAMES
639,Grimpeur
640,Looping Games
641,Asmodee Korea
642,Wattsalpoag Games
643,FunBox Jogos
644,Ion Game Design
645,Elephant Laboratories
646,Carma Games
647,The Game Master BV
648,Big Fun Games (Board Game)
649,Hexagames (I)
650,ElfinWerks
651,On The Line Game Company
652,Dal Negro
653,"All Things Equal, Inc."
654,Randomskill Games
655,"wiseandotherwise.com, Inc."
656,Japon Brand
657,AZA Spiele
658,Fun to 11
659,Games on the Brain
660,Fabled Nexus
661,NekoCorp
662,Front Porch Classics
663,Encore
664,Steeped Games Ltd.
665,Bizak
666,Kraul
667,Kadokawa Shoten
668,Lumberjacks Studio
669,Fishtank
670,Game Factory
671,Uproarious Games
672,IV Games
673,Tabula Games
674,Stratagem Game Design
675,Dorcy Irwin
676,Quixotic Games
677,Gorilla Games
678,Geeks N' Orcs
679,Goblinko
680,cutia.ro
681,Sylex
682,Lay Waste Games
683,The Pandemonium Institute
684,"New Games Order, LLC"
685,BeWitched Spiele
686,Ghenos Games
687,Dude Games
688,Certifiable Studios
689,REDIMP GAMES
690,DJ Games
691,A-games (Board Game)
692,Mixlore
693,Modern Games
694,Beautiful Disaster Games
695,Kids Table BG
696,FLIPFLOPs
697,GAMES Magazine
698,Simmons Games
699,Corvus Belli
700,MushrooM Games (II)
701,Bellwether Games
702,Siren Bridge Publishing
703,Rather Dashing Games
704,Alter Ego Games
705,Cocktail Games
706,Weekend Farmer Company
707,Grosso Modo Éditions
708,Hub Games
709,PYTHAGORAS
710,Metagaming
711,Post Scriptum
712,"The Game Crafter, LLC"
713,17wanzy (Yihu BG)
714,Fantasmagoria
715,Inside Up Games
716,Goliath Games
717,Cadaco
718,Skellig Games
719,Cubicle 7 Entertainment
720,Mad Man's Magic
721,Ediciones MasQueOca
722,Gotha Games
723,Depot
724,Sharp Point Publishing
725,Project Raygun
726,MAGE Company
727,Fantasiapelit
728,Chara Games
729,Archangel Studios
730,Rascals Products Limited
731,Brio AB
732,Chaosium
733,Fox Tale Games
734,"Family Games, Inc."
735,West End Games
736,Wyrmgold GmbH
737,"Mariucci J. Designs, LLC"
738,Enjoy Game
739,Club Earth
740,"FI Entertainment Co., Ltd."
741,Buly Games
742,Badger's Nest
743,1 More Time Games
744,Chrononauts Games
745,Word Forge Games
746,Albe Pavo
747,Eclipse Editorial
748,Innovention Toys
749,Elite Games (II)
750,Bink Ink LLC
751,Zombie State Games
752,Battle Systems Ltd
753,Chili Spiele
754,Sandstorm Productions LLC
755,5th Street Games
756,Assa Games
757,Daekor Designs
758,Hazgaard Editions
759,Everything Epic Games
760,Sunriver Games
761,Wonderment Games
762,Genius Games
763,Prétexte SAS
764,Eight Foot Llama
765,Club TreEmme
766,Twogether Studios
767,Dragonsmith
768,MeepleBR
769,Formal Ferret Games
770,REXhry
771,Do it games
772,Fully Baked Ideas
773,Dark Flight
774,Leading Edge Games
775,Games for the World
776,Oni Games (I)
777,Ludodélire
778,HT Publishers
779,Mandoo Games
780,Dragori Games
781,Raven Distribution
782,Air and Nothingness Press
783,Borderline Editions
784,AdMagic Games
785,Ameritrash Games
786,King Racoon Games
787,YOKA Games
788,Cappelen
789,Games Factory Publishing
790,Gallimard
791,Free League Publishing
792,PvP Geeks
793,Mystics.nl
794,Chessex
795,Kanga Games
796,Abeilles Editions
797,Capiépa - Jeux Éducatifs
798,Fanpro
799,River Horse Ltd.
800,Super Meeple
801,Jack Dire Studios
802,Mont Tàber
803,FoxMind Israel
804,Draco Ideas
805,La Mame Games
806,Resonym
807,Ulisses Spiele
808,Mighty Boards
809,Jet Games Studio
810,The History Channel
811,Drei Hasen in der Abendsonne
812,Black Beacon Games
813,Imagination Games
814,Ideal
815,Cartamundi
816,AT Games
817,Hobby Products GmbH
818,Horn Abbot Ltd.
819,Jelly Jelly Games
820,OPEN'N PLAY
821,"Lock 'n Load Publishing, LLC."
822,Runaway Parade Games LLC
823,Robert Burke Games
824,maverick muse
825,Wyrd Miniatures
826,Dr. Wood Challenge Centre
827,ConcernedApe
828,"Conquistador Games, Inc."
829,DDD Verlag GmbH
830,Briarpatch
831,Nasza Księgarnia
832,Moskito Spiele
833,Gém Klub Kft.
834,Green Couch Games
835,Worthington Games
836,Perplext
837,Game Journal
838,Rule & Make
839,Ginger Ale Games
840,Editora Abril
841,Harebrained Schemes
842,Don't Panic Games
843,Morning
844,Hobby Base
845,Board Game Circus
846,ABC Nürnberg
847,U&P Games
848,White Wolf Entertainment AB
849,Unexpected Games
850,Die-Hard Games LLC
851,Titan Forge Games
852,Mary Flanagan LLC
853,Gizmet Gameworks
854,Studio71
855,Melmac Games
856,"Red Juggernaut, Inc."
857,L. F. Enterprises
858,Crystal Caste
859,CD Projekt RED
860,moses. Verlag GmbH
861,Staupe Spiele
862,Hollandspiele
863,Compass Games
864,Dranda Games
865,Blue Beard Entertainment
866,Wonder Forge
867,Play All Day Games
868,Pleasant Company Games
869,OldChap Editions
870,Potluck Games
871,The Flying Games
872,"TDC Games, Inc."
873,One Moment Games
874,Archona Games
875,TM Spiele
876,Asmodee Italia
877,Saien
878,Mücke Spiele
879,Devious Weasel Games
880,Otto Maier Verlag
881,Edition Erlkönig
882,GameField
883,Deep Water Games
884,Citadel's Game Series (CGS)
885,Famosa
886,Laughing Pan Productions
887,After 5 Games
888,Dragon Dawn Productions
889,"Excalibre Games, Inc."
890,Peaceable Kingdom
891,Fullcap Games
892,Dancing Eggplant Games
893,Geode Games
894,Nevermore Games
895,Jordan Draper Games
896,I Can Do That Games
897,Atomic Mass Games
898,E.S. Lowe
899,British Games Ltd (BGL)
900,Treecer
901,Asylum Games (Board Games)
902,Among Meeples
903,Light Heart Games
904,Ludic Dragon Games
905,"Sand Hat Games, LLC"
906,Igiari
907,Conflict Games
908,Alfil Juegos
909,Prinz Spiele
910,"Prodos Games, Ltd"
911,Bankiiiz Editions
912,Inspiration Games
913,Tompet Games
914,Jasco Games
915,Rackham
916,Junias
917,Jon Sudbury Games
918,Vendetta
919,analog lunchbox (アナログランチボックス)
920,Broken Mill
921,Games Adults Play
922,Hyperbole Games
923,CGS- Creative Games Studio
924,BoardGameGeek
925,Gut Bustin' Games
926,Labo Market
927,Arthaus
928,Magellan
929,Redbox Editora (Redbox)
930,"Herbko International, Inc."
931,Crimson Company
932,Quick Simple Fun Games
933,Nuts! Publishing
934,Hexasim
935,Adacio
936,Dark Ice Games
937,CEPIA Games
938,Precedence Publishing
939,Goblivion Games
940,1nite werewolf
941,Welt der Spiele
942,Arcane Tinmen
943,963.com
944,Wassertal Spieleverlag
945,Makaka Editions
946,Djama Games
947,Azahar Juegos
948,FoxMind
949,Keen Bean Studio
950,KEJI Inc
951,PlayMonster
952,Game InVentorS
953,Lafair Family Games
954,9th Level Games
955,TopatoCo
956,Kaissa Chess & Games
957,Off the Page Games
958,DEAR SPIELE
959,Weird City Games
960,CreativeMaker LLC
961,The Cunning Artificer
962,Week End Games
963,Watchtower Games
964,First Fish Games
965,Ludarden
966,Grammes Edition
967,Antler Games
968,Passport Game Studios
969,Vanished Planet Games
970,Nice Game Publishing
971,Nothing Sacred Games
972,Nova Game Designs
973,"Toy Vault, Inc."
974,Hutter Trade GmbH + Co KG
975,4Dados
976,Topps
977,Capsicum Games
978,Good Games Publishing
979,RBM Studio
980,Mountain Gold Games
981,Last Level
982,Sidekick Games
983,Coffee Haus Games
984,Mindwarrior Games
985,Euphoria Games
986,Game Designers' Workshop
987,Mongoose Publishing
988,Bored Game Ink
989,Britannia Games
990,Fleer/Skybox
991,Ajax Games
992,ABBA Games
993,Desyllas Games
994,77spiele
995,Ground Zero Games
996,Alien Menace
997,Lone Shark Games
998,Popcorn Games
999,All Or None Games
1000,Fort Circle Games
1001,DIEA Games
1002,Fiendish Board Games
1003,Letiman Games
1004,AoS Team
1005,Clash of Arms Games
1006,Golden
1007,Funhill Games
1008,Soso Studio
1009,One Free Elephant
1010,Adreama Games
1011,Golden Egg Games
1012,Flying Games
1013,Board Game Box
1014,Binary Arts
1015,Chronicle Books
1016,Dark Gate Games LLC
1017,Geekach Games
1018,Weird Giraffe Games
1019,Family Pastimes
1020,Fundex
1021,The Gamers
1022,Morrison Games
1023,Baksha Games
1024,Compaya.hu - Gamer Café Kft.
1025,FASA
1026,Kronberger Spiele
1027,Nazca Games
1028,Clevergreen Board Games
1029,Circle 3D6
1030,Astrolabe Interactive
1031,John Sands Pty Ltd
1032,SimplyFun
1033,Brohm-Parker-Spiele
1034,Daedalus
1035,Klee
1036,BS Toys
1037,Marx Toys
1038,Ludibay
1039,Blast City Games
1040,Playte
1041,"Adam's Apple Games, LLC"
1042,Fifth Column Games
1043,Cacahuete Games
1044,Bouken
1045,Olympic Card Company
1046,HANALL M&C
1047,Iron Horde Games
1048,KaleidosGames
1049,Petroglyph
1050,Inspiring Games
1051,Pfifficus Spiele
1052,Prism Games
1053,Kuraki Mura B.G. Studio
1054,Bad Crow Games
1055,Hangman Games
1056,Zafty Games (Zafty)
1057,Lycan Studio
1058,Fabricate.IO
1059,Fully Analog
1060,Gentosha Education
1061,Iron Crown Enterprises
1062,Parker Spiele
1063,Play Again Games LLC
1064,Murmel Spielwerkstatt und Verlag AG
1065,Paul Lamond Games Ltd
1066,Mojito Studios
1067,Norsker Games
1068,Clicker Spiele
1069,Memesys Culture Lab
1070,Fairmount Gaming Simulations Co.
1071,Bianfeng Games
1072,Les Editions de base
1073,Strategos Games
1074,Clown Games
1075,Go On Board
1076,Eskifell hf.
1077,PYXI
1078,Split Second Games
1079,Historien Spiele Galerie (Historien Spielegalerie)
1080,Little Nuke Games
1081,Educa Sallent SA
1082,Waterfall Games
1083,Thistroy Games
1084,Rubinstein
1085,Blue Magpie Games
1086,Hiboutatillus
1087,"SPI (Simulations Publications, Inc.)"
1088,FunFair
1089,Gam'inBIZ
1090,Winning Moves Games (USA)
1091,El Greco
1092,Paper Plane Games
1093,Tea Time Productions
1094,Cosmic Wombat Games
1095,M + A Spiele
1096,Legion Wargames LLC
1097,Professional Motor Sports Games
1098,Loot Corps
1099,Black Box Games Publishing
1100,Yemaia
1101,Crafty Games
1102,Divedice
1103,Philos
1104,Ganesha Games
1105,The United States Playing Card Company
1106,Geologic
1107,Truant Spiele
1108,Aldebaran Games
1109,Chickapig Farm
1110,Ediciones Primigenio
1111,Quality Beast
1112,Out of Order Games
1113,Galactic Raptor Games
1114,Rotten Games
1115,PlayFusion Ltd.
1116,The Realm of Fantasy
1117,2niverse Games
1118,Ariah Studios
1119,Grindhouse Games
1120,WeaselPants Productions
1121,Blatz
1122,BoardBros
1123,Fridgecrisis Games
1124,March Hare Games
1125,Sagacity Games
1126,Nightingale Games
1127,Bucephalus Games
1128,Devil Dice Games
1129,Double-O Games
1130,Fantasia Games
1131,Pagan Publishing
1132,AMO Toys
1133,Seaborn Games
1134,Living Dead Entertainment
1135,"4Kidz, Inc."
1136,Vesuvius Media
1137,Legend Story Studios
1138,Palatia Spiele
1139,Stein-Thompson Games
1140,Noris Spiele
1141,Zabazoo Corporation
1142,Guildhall Studios
1143,Jolly Dutch Productions
1144,Fun Factory Games
1145,Wolff Designa
1146,"Fallen Dominion Studios, LLC"
1147,25th Century Games
1148,Studio Woe
1149,Fat Fox Games
1150,Lion Rampant Imports
1151,Mattel Electronics
1152,Distant Rabbit Games
1153,Great Northern Games
1154,AlcyonCreative
1155,Big Imagination Games
1156,Bluebird Toys
1157,Morning Players
1158,Azure Wish Enterprise (AWE)
1159,Khyber Pass Games
1160,"Artra Design, Ltd."
1161,Gibsons
1162,Underworld Kingdom
1163,Double A Productions
1164,On Trend Goods
1165,"Nike and Cooper Española, S.A."
1166,Modiphius Entertainment
1167,Mandala Jogos
1168,Laboratory H
1169,Flower of Life Publishing Company
1170,3-Hirn-Verlag
1171,Feels Right Design
1172,Archon Studio
1173,Hersch and Company
1174,Pillbox Games
1175,Chad Valley Co Ltd.
1176,Joc Internacional
1177,AGEMA
1178,Art. Lebedev Studio
1179,Bex Sport AB
1180,GIFT10INDUSTRY
1181,The Game Forger
1182,Ediciones Rotura
1183,"subQuark, LLC"
1184,"Home Lantern Games, LLC"
1185,spareChange productions
1186,Albino Dragon
1187,Kenzer and Company
1188,Kadon Enterprises
1189,Asteria Games
1190,Vorpalia Games
1191,Underground Games Inc. (I)
1192,Aktiebolaget Grafisk Konst
1193,Pin International
1194,Lancelot Games
1195,Monsoon Publishing
1196,Red Genie Games
1197,Blue Dolphin Games
1198,Pinnacle Entertainment Group
1199,桜遊庵 (Ouyuuan)
1200,Bread and Circuses
1201,Mr. B Games
1202,Bad Comet
1203,Prolific Games
1204,MOOD Publishing
1205,Rocket Lemon Games
1206,Funnyfox
1207,Bell
1208,Game Fabrica
1209,Cantrip Games
1210,Cosmic Games
1211,"Knight Works, LLC"
1212,Sabertooth Games
1213,Zombi Paella
1214,Cubiko Games
1215,Grey Gnome Games
1216,Sphere Games
1217,Black Forest Studio
1218,Winsome Games
1219,Fisher Price
1220,Thing 12 Games
1221,CSE Games
1222,Junk Spirit Games
1223,"Game Development Group, Inc."
1224,Wacky Works
1225,Imperial Games (I)
1226,Ertrob/Cobi
1227,Task Force Games
1228,Rulez Srl.
1229,Archon Games
1230,Abysse Corp.
1231,Dover Publications
1232,Au-Vid Incorporated
1233,Playme.de
1234,Avalanche Press Ltd.
1235,Le Joueur
1236,Zero Radius Games
1237,White Wind
1238,"Dragonlords, Inc."
1239,Silver Bear Marketing Ltd.
1240,Jeux Opla
1241,APBA International
1242,Gold Seal Games
1243,L2 Design Group
1244,Rulefactory
1245,Break From Reality Games
1246,Miro Company
1247,Möbius Games
1248,Conquest Gaming LLC
1249,CCP Games / CCP hf (Crowd Control Productions)
1250,Lagoon Games
1251,Wells Expeditions
1252,Djeco
1253,Strawberry Studio
1254,Masquerade Games
1255,Österreichisches Spiele Museum e.V.
1256,Unstable Games
1257,Cheeky Parrot Games
1258,"Flatworks Gaming, LLC."
1259,Orange Machine Games
1260,BoardGameTravel.com
1261,Dyskami Publishing Company
1262,Ultra PRO
1263,"CBS Broadcasting, Inc"
1264,IUVI Games
1265,ペンとサイコロ (Pen & Dice)
1266,Ôz Editions
1267,Tiger Board Games
1268,FPG
1269,Enterplay
1270,Numbskull Games
1271,Chris Lawson
1272,Spiel-ou-Face
1273,Palitoy Ltd.
1274,Arbeitsstelle für neues Spielen
1275,Magic Meeple Games
1276,Bombshell Games
1277,Be Good Company
1278,Designs In Creative Entertainment (DICE)
1279,Friendly Rabbit Inc
1280,Mamute Jogos
1281,Brain Picnic
1282,Act in games
1283,Boxer Games
1284,Bonsai Games
1285,Rooster Teeth Games
1286,Golden Bell Games
1287,Terra Nova Games
1288,"Éditions Gladius International, Inc."
1289,Escape Studios
1290,Interactive Imagination Corporation
1291,Slag-Bla entertainment (now XXXenophile Books)
1292,Eden Studios
1293,Wonderdice
1294,Underground Games GbR
1295,Lacerta
1296,Qvinta Essentia
1297,Edition Spielkunst
1298,Randolph
1299,Gate Keeper Games
1300,"Nexci, LLC"
1301,"Square Enix Co., Ltd."
1302,Cackleberry Games
1303,Diablos Polacos
1304,Intrafin Games
1305,Posthuman Studios
1306,Games by Bicycle
1307,Cardboard Edison
1308,Black & White Games
1309,Baxbo LLC
1310,Les Jeux du Griffon
1311,"Kokusai-Tsushin Co., Ltd. (国際通信社)"
1312,Tinkerbot Games
1313,Toystorian Enterprises
1314,DFTBA Games
1315,Angelo Porazzi Games
1316,JackBro Playful Creation
1317,Oka luda Editions
1318,Columbia Pictures
1319,FlasterVenture LLC
1320,Studio 9 Incorporated
1321,Kojar
1322,Buried Without Ceremony
1323,Power Games International
1324,Crown Publishers
1325,Active Magic Games
1326,Grumpy Owl Games
1327,Nathan
1328,Axis Mundi
1329,National Geographic Society
1330,Wargames Research Group
1331,Creating Games
1332,Monte Cook Games
1333,CoCoCo
1334,"2K Games, Inc."
1335,Purple Games
1336,Nash Games
1337,Flying Meeple
1338,Bambola
1339,Ridley's Games
1340,McNeill Designs
1341,uchibacoya
1342,Chivalry Games
1343,Cat Quartet Games
1344,4Moon Studio
1345,Yanaguana Games
1346,Nerdlab Games
1347,Lost Boys Productions
1348,Giga Mech Games
1349,Last Unicorn Games
1350,Yaquinto
1351,danspil
1352,Flyos Games
1353,"3Some Games, Inc."
1354,theory11
1355,"FRED Distribution, Inc."
1356,"Force Of Will, Inc."
1357,Engames
1358,Stratus Games
1359,Holtmann VIP
1360,Quest Machine
1361,A-Muse-Ment
1362,Rudy Games
1363,Sirius Products
1364,DMZ Games
1365,Zvezda
1366,Puzzling Pixel Games
1367,Ilopeli
1368,Third World Games
1369,Fun Connection
1370,Spyglass Games
1371,Wild Card Games (Board Game)
1372,Bright World Games
1373,"XYZ Game Labs, Inc"
1374,Escape Pod Games
1375,SRG Universe
1376,"Front9, Inc."
1377,Hidden Industries GmbH
1378,Jack Darwid Games
1379,MDR
1380,Frost Forge Games
1381,Lost Battalion Games
1382,Phantom
1383,Math for Love
1384,Capstone HK Ltd.
1385,Sparkworks
1386,Alsip and Co.
1387,Gamer Nation Studios
1388,Tor Books
1389,Arkus Games
1390,B1 Games
1391,Black Box Adventures
1392,Fler bollar i luften AB
1393,Nemesis.Games
1394,Atalia
1395,Zacatrus
1396,Design Depot
1397,Bent Castle Workshops
1398,Boardgame Mall
1399,Li-He Studio
1400,neat games
1401,The Everyday Game Company
1402,Arcasam Games
1403,"Reveal Entertainment, Inc."
1404,Green Feet Games
1405,Paper Iyagi
1406,Twisted Winds Ltd
1407,Gotham
1408,Hex Games (II)
1409,LudoPathes
1410,Simpubs Ltd.
1411,Lúdilo
1412,Croner
1413,El Dragón Azul
1414,Grand Trunk Games
1415,Voodoo Games (II)
1416,Abstract Planet Ltd.
1417,Collins Epic Wargames
1418,Maxveld Games
1419,ODAM Publishing
1420,Elven Ear Games
1421,Platypus Game
1422,Wolf Fang P.H.
1423,Angry Duck Games LLC
1424,Cloud Kingdom Games
1425,Red Omega Studio
1426,Crazy Pawn Games
1427,Ogry Games
1428,RoseArt
1429,Alone Editions
1430,Revaler
1431,Lamp Light Games Inc
1432,Heartbreaker
1433,Arvis Games Inc.
1434,Wyvern Gaming
1435,Sternspieler
1436,Hallmark Games
1437,RUNES Editions
1438,Talon Strikes Studios LLC
1439,大気圏内ゲームズ (Taikikennai Games)
1440,The Wood Games
1441,Good Company Games
1442,Udo Grebe Gamedesign
1443,WIBAI Games
1444,Green Ronin Publishing
1445,Chilifox Games
1446,Faby Games
1447,Stuff By Bez
1448,ATOMO GAMES
1449,Fabryka Gier Historycznych
1450,"Critical Hit, Inc."
1451,Diamond K Games
1452,Bureau de Juegos
1453,McGartlin Motorsport Design
1454,DigiSprite
1455,Dann Kriss Games
1456,Pacesetter
1457,"Collett-Sproule Boxes, Limited"
1458,"Fantasy World, Inc."
1459,Cuaca Cerah Games
1460,Timbuk II
1461,April House
1462,CMX Games
1463,"Worthington Publishing, LLC"
1464,Art of Games
1465,Red Storm Entertainment
1466,Vainglorious Games
1467,SandTimer
1468,Shakos
1469,bePuzzled
1470,H. P. Gibson & Sons
1471,Manifest Destiny
1472,Kidultgame
1473,Flying Pig Games
1474,Tactic
1475,Runadrake
1476,Monocle Games Ltd.
1477,Weltflucht Verlag
1478,Magic Press Edizioni Srl (MPE)
1479,Tudor Games
1480,"Jennick Games, Inc."
1481,"Smart Iguana Games, LLC"
1482,UnBound Games
1483,ZimZala Games
1484,Laurin Verlag
1485,What the Frog
1486,A.I.Lab.遊
1487,Savant Garde Entertainment
1488,ABM Yayınevi
1489,Origame
1490,Funstreet Games
1491,Skyler Innovations
1492,The Really Useful Games Co.
1493,HCM Kinzel
1494,Component Game Systems
1495,"Heartland Consumer Products, LLC"
1496,Clemens Gerhards
1497,"Massif Games, LLC"
1498,KogeKogeDo
1499,Denys Fisher Toys
1500,3DTotal Games
1501,Strategy Gaming Society
1502,Sunrise Tornado Game Studio
1503,Braunkohl Verlag
1504,Panic Roll
1505,QANGO Verlag
1506,Four Esses
1507,SAS Creative
1508,Peri Spiele
1509,Steffen-Spiele
1510,Dionysos Games
1511,"Zipwhaa, Inc."
1512,Shanghai Creative Tree Cultural Spreading Co. LTD.
1513,Whyspire? Games
1514,Tresham Games
1515,International Team
1516,BFF Games
1517,Superlude Éditions
1518,MS Edizioni
1519,Thematic Games
1520,Contention Games
1521,Aristoplay
1522,Osprey Publishing
1523,Lost Games Entertainment Ltd.
1524,CardChess International
1525,Agents of Gaming
1526,Aqua Games
1527,Indie Games
1528,Fat Messiah Games
1529,Sky Kingdom Games
1530,Maze Games
1531,Silver Gaming Company
1532,Harper Prism
1533,Flying Turtle Games
1534,King Post
1535,Aasageko
1536,Games and Puzzles (magazine)
1537,SunTzuGames
1538,Toccata Games
1539,Goadrich Games
1540,Lansay
1541,Ejin 研究所 (Ejin Kenkyuujyo)
1542,OSG (Operational Studies Group)
1543,Krimsus Krimskrams-Kiste
1544,Gamut of Games
1545,Yetem S.A.
1546,Awesome Games
1547,Blue Panther
1548,Sony Computer Entertainment (SCE)
1549,Radical 8 Games
1550,Six Angles
1551,La Haute Roche
1552,Panda Cult Games LLC
1553,Reggie Games
1554,Multifaces Editions
1555,Spaceballoon Games
1556,Gamma games (Pty.) Ltd
1557,partymeeple
1558,Gryphon Forge Games
1559,"Screenlife, LLC"
1560,Hyperion Games
1561,Super Mega Games
1562,Magic Store Srl
1563,Legend Express
1564,PLAAY
1565,Rob and Dave Games
1566,GDC-GameDevCo Ltd.
1567,Diceborn Games Ltd.
1568,"The Boots Company, PLC"
1569,Knight Models
1570,Imagination Entertainment Ltd.
1571,Calamity Games
1572,Moosetache Games
1573,Gilded Skull Games
1574,Fire and Fury
1575,B&B Games Studio
1576,JAGA: Japan Games Association
1577,Gateway Games
1578,Berwick's Toy Co. Ltd.
1579,Room 17 Games
1580,Poppy Jasper Games
1581,Bad Taste Games
1582,Jira's Games
1583,Goblin Army Games
1584,Tau Leader Games
1585,MB Spiele
1586,Dwarfstar Games
1587,Ninja Star Games
1588,Perro Loko Games
1589,Dan Smith Industries
1590,"Kondrick, Inc."
1591,Mega Brands
1592,"Eye-Level Entertainment, LLP"
1593,Clay Crucible Games
1594,Korona Games
1595,Hofyland community
1596,Instituto Andaluz de la Juventud
1597,ALC Studio
1598,nestorgames
1599,Water Bear Games
1600,EIDOS Interactive
1601,Dynamic Games / Dynamic Design Industries
1602,Stragoo Games
1603,Akers Games
1604,Broderbund
1605,DG Games Entertainment (Dark Gate Games)
1606,Jason Anarchy Games
1607,Liminal Games
1608,Ludocom
1609,SunCoreGames
1610,Epic Scale Games
1611,Too Fat Lardies
1612,1A Games
1613,Comic Images
1614,3W (World Wide Wargames)
1615,Balance Games
1616,Demonic Games
1617,August Games
1618,Smart Troll Games
1619,DPH Games Inc
1620,Selchow & Righter
1621,Walter Müller's Spielewerkstatt
1622,Dujardin
1623,Five Rings Publishing Group
1624,2D6.EE (Side Quest Games)
1625,GrubTon Games
1626,Against the Odds
1627,Plepic Games
1628,梟老堂 (Fukuroudou)
1629,Shifting Skies Games
1630,"Hostage Entertainment, Ltd."
1631,Warlord Games
1632,Outset Media
1633,Float a Goat Games
1634,TUSBAS Alliance
1635,"WarriorElite, Ltd."
1636,Spiele aus Timbuktu
1637,Offason
1638,BGNations
1639,Aladdin
1640,Sophisticated Games
1641,Gunpowder Studios
1642,Wotan Games
1643,Reflexshop
1644,The Freaky 42
1645,Bensussen Deutsch and Associates
1646,Gamina Ltd
1647,Lord Raccoon Games
1648,KnC
1649,Evrikus
1650,Quantum Games (II)
1651,Bright Light Media
1652,Ad Astra Games
1653,CardLords
1654,Xeno Games
1655,Xtronaut Enterprises
1656,JUGAME STUDIO (ジュゲムスタジオ)
1657,Analog Games
1658,Mindtwister USA
1659,"Pywacket, LLC"
1660,Nosolorol Ediciones
1661,Games Research/Design (GR/D)
1662,HutChu Enterprises LLC
1663,Just Games (II)
1664,Escape Velocity Games
1665,The London Board Games Co
1666,GREIFERISTO
1667,World Within
1668,Classic Games
1669,Chaos Publishing
1670,Mál og menning
1671,Drawblack
1672,Spartan Games
1673,Fellowship of Simulations
1674,LOKI
1675,Meridiano 6
1676,Cipher Studios
1677,Ginger Snap Gaming
1678,Cards of Fate
1679,Platypus Industries
1680,HungryRobot
1681,Inventedfor.com
1682,Bushiroad Inc.
1683,Playus Maximus
1684,Topi Games
1685,Asymmetric Publications
1686,Lucky loser
1687,Real Deal Games
1688,"INI, LLC"
1689,Hologrin Studios
1690,"Monkey Jump Games, LLC"
1691,C4 / Creative Cell
1692,DG Associates
1693,Hot Taco Inc
1694,Alchemicus.pl
1695,WiWa Spiele
1696,Postindustrial Games
1697,Doomsday Robots
1698,Thornhenge
1699,G&RRR
1700,Livingstone Games
1701,XTR Corp
1702,Hawk Wargames
1703,Battleline
1704,Circuit Works
1705,Revolution Games (II)
1706,Gamewalker
1707,Companion Games
1708,InMotion
1709,Peká Editorial
1710,Trip West Games
1711,Resource Games
1712,GameZone Miniatures
1713,Blue Wing Games
1714,Hill Gaming Company
1715,Smiling Monster Games
1716,Fiasco Games Company
1717,"Questone Marketing, Inc."
1718,CBS Electronics
1719,American Toys
1720,Little Rocket Games
1721,Helvetia Games
1722,Golden Age Games
1723,Advendise
1724,YAY Games
1725,Foam Hammer Games
1726,Gifted Vision
1727,Dourios
1728,Aurora
1729,VentoNuovo Games
1730,Susan Prescot Games
1731,Bioviva
1732,Charbanova
1733,Demoela Giochi
1734,MGA Entertainment
1735,Oeuf Cube Editions
1736,Bannan Games
1737,Game Flow
1738,"The Pericles Group, LLC"
1739,Kilovolt Design
1740,Cold Creek Publishing Co.
1741,Omega Games (I)
1742,Dreadful Games
1743,UniForge Games
1744,Gatwick Games
1745,Cobblestone Games
1746,Studio Stratosphères
1747,Crazy Like a Box
1748,Bonsai Entertainment
1749,District Games
1750,Bellica Third Generation
1751,Miniaturicum
1752,Epic Games
1753,Game Knight Games
1754,Bedbug Games
1755,A.ger Games
1756,2Fat2Fly
1757,Apokalypse Inc
1758,TTCombat
1759,Kirjalito
1760,"Sababa Toys, Inc."
1761,Bleem Divertissements Inc.
1762,"LPS, Inc."
1763,Ruddy Games
1764,CZ Games
1765,Fellowship Games
1766,上海一逸文化传播有限公司
1767,Peacock Tabletops
1768,Obscure Reference Games
1769,"VicTim Games, LLC"
1770,Future Magic Games
1771,On Military Matters
1772,Spielquader
1773,"Word Blur, LLC"
1774,Farm Fresh Games
1775,Cheatwell Games
1776,CtrlAltCreative
1777,Domina Games
1778,Vile Genius Games LLC
1779,Eternal Revolution
1780,Play Nation Studios
1781,Brettco Inc.
1782,Pull the Pin Games
1783,Salvador Games
1784,BOARD TO DEATH
1785,Ludimaniac
1786,Enginuity
1787,Vorpal Chainsword Games
1788,Medieval Lords
1789,"Coleco Industries, Inc."
1790,Kikigagne?
1791,Ludopolis
1792,Speltjanst
1793,Voodoo Bunny Co. LLC
1794,conBarba
1795,"Box of Golf, Inc."
1796,Games & Gears LLP
1797,Pixie Games
1798,Giant Hobby
1799,A.P.S. Che l'Inse - Demoelà project
1800,La Montagnard Inc.
1801,Gambit
1802,Golden Laurel Entertainment
1803,Yoka by Tsume
1804,Reihon Games LLC
1805,Mancalamaro
1806,Aerjen Games
1807,Third Dynasty Games
1808,Draco Studios
1809,Tactrics
1810,Gottick Games
1811,KENSHO Kft.
1812,Gung Ho Games
1813,Demagames
1814,HISTERIA GAMES
1815,Cremm
1816,Infinite Dreams Gaming
1817,"Caledea, LLC"
1818,Education Outdoors
1819,Wargamer Games Studio
1820,Tuonela Productions Ltd.
1821,iDventure
1822,"Swan Panasia Co., Ltd."
1823,Toolbox for Education and Social Action
1824,Explor8
1825,International Games
1826,Groovus Games Unlimited
1827,Evofun Inc
1828,The Pokémon Company International
1829,Board Not Bored Games
1830,White Dog Games
1831,Mark Steere Games
1832,Doppio Gioco
1833,Hexy Studio
1834,Editions Philibert
1835,Holocubierta Ediciones
1836,Fibonacci
1837,Warm Acre
1838,Spielzeit!
1839,Wild Power Games
1840,Smartass Games Ltd.
1841,Dark House
1842,Naylor Games
1843,darbel
1844,4Hogs d.o.o.
1845,Igramoon Spieleverlag
1846,Zephyr Workshop
1847,V Games
1848,Brainbox Games Pty Ltd
1849,Electronic Arts Inc. (EA)
1850,Spielcraft Games
1851,Octoraffe Games
1852,SkirmishCampaigns
1853,Giant Goblin Games
1854,Trefl
1855,Puremco
1856,Papergames (I)
1857,EMS
1858,Blacksburg Tactical Research Center
1859,1-2-3-Games Éditions
1860,Invicta Games
1861,Outer Limit Games (II)
1862,ThinkNoodle Games
1863,Chocolate Pi Games
1864,Unique Board Games LTD (UBG)
1865,Eurydice Games
1866,Тверская типография
1867,Jumpin Banana
1868,Wingnut Games
1869,壬辰 (Imjin Creative)
1870,Mercurio
1871,Squirmy Beast
1872,Gamesmiths
1873,Grimspire
1874,Lost Boy Entertainment
1875,Tortugames
1876,Board Game Brothas
1877,CEJI
1878,StonePlay
1879,Cardboard Dynamo
1880,Amico Giò
1881,Agata Zasowska
1882,Freak & Chic LLC
1883,Let's Play
1884,Clem Toys
1885,Rose & Poison
1886,Hit 'Em With a Shoe
1887,Simulations Canada
1888,PlastCraft Games
1889,Argo Games
1890,Onni Games
1891,Diachron Games
1892,PLAYthisONE
1893,Giant Roc
1894,Dust Studio
1895,Cherry Picked Games
1896,Juhu-Spiele
1897,The Happy Puzzle Company
1898,Più Trentanove (Thirty-Nine More)
1899,Delirium Games
1900,Simba Toys
1901,QED Games
1902,GCT Studios
1903,Games 4 Gamers
1904,Bernard Games L.L.C.
1905,Warhammer Historical Wargames Ltd
1906,Epic Slant Press LLC
1907,Shoot Again Games
1908,Battles Magazine
1909,Tuppertoys
1910,Glass Cannon Unplugged
1911,Buzzy Games
1912,Japanime Games
1913,"Bojeux, Inc."
1914,"Cinelinx Media, LLC"
1915,Magpie Games
1916,CounterClockwork Games
1917,Kärnan
1918,Mizo Games
1919,"The Games Gang, LTD"
1920,Killer Robot Games
1921,Keep Exploring Games
1922,Débâcle Jeux
1923,Black'N'White Games Ltd.
1924,OSTIA Spiele
1925,V3G
1926,(Looking for a publisher)
1927,Score Entertainment
1928,Touch Paper Press
1929,Ludorum Games
1930,Bico de Lacre
1931,United Square
1932,Travel Buddy Games
1933,Bisonte
1934,Nerdvana Games
1935,KnA Games
1936,Bomba Games
1937,Imbalanced Games LLC
1938,Holzinsel
1939,Palladium Books
1940,Dice Sports
1941,Placebo Press
1942,Flip Flap Editions
1943,Feige Spiele
1944,Stimulus Games
1945,Casus Belli
1946,Mystic Ape Games
1947,Gabriel
1948,Spielefaible
1949,HL Games
1950,CGC Games
1951,Dragon
1952,Economicus
1953,Ludic
1954,Pink Godzilla Games
1955,Tiger Electronics
1956,Precis Intermedia
1957,Formosa Force Games
1958,A Couple 'A Cowboys
1959,"Shepherd Kit, Inc."
1960,Journeyman Press
1961,Sphinx Spieleverlag
1962,Sentient Cow Games
1963,Ruibal Hermanos S.A.
1964,Troll Lord Games
1965,Barrett Publishing
1966,Pasacronos
1967,Creations Chaos Inc.
1968,"Electric Games, LLC"
1969,Venatus Ediciones
1970,District 31
1971,Hidra Games
1972,Dice High Company
1973,Ambush Alley Games
1974,Fight in a Box
1975,Jumping Turtle Games
1976,Amphora Games
1977,Hen House Games
1978,Cinnamon Games
1979,Drechsler
1980,Kampfhummel Spiele GmbH
1981,Orchard Toys
1982,Main Street Publishing
1983,Captain Macaque
1984,Scribabs
1985,MJ&E Productions
1986,Barrel Aged Games
1987,Lowen Games
1988,Mystical Games
1989,Jolly Games
1990,CDP.pl
1991,Stone Sword Games
1992,Bedsit Games
1993,RealmsMasters Game Forge
1994,Galactic Sneeze
1995,Ayatsurare Ningyoukan
1996,Far Future Enterprises
1997,Gamer
1998,Turn One Gaming Supplies
1999,Åhlén & Åkerlund
2000,Cameo Games
2001,New England Simulations
2002,Hobbygames Ltd.
2003,COLON ARC
2004,Insight Games
2005,"Bear & Bandit, LLC"
2006,Qian Qi Dong Man
2007,Sir Chester Cobblepot
2008,Pioneer
2009,Battle Hardened Games
2010,Konami
2011,Ediciones Zinco S.A.
2012,Soaring Rhino
2013,3-headed dog
2014,Seabrook Studios
2015,Awful Fantasy
2016,Suntex
2017,Uncanny Cardboard
2018,Paisley Board Games
2019,McNaughty Games
2020,Black Locust Games
2021,Signal Fire Studios
2022,Stupor Mundi
2023,BYR Games
2024,Icarus Games (US)
2025,AG Müller (AGMüller)
2026,Heavy Punch Games
2027,Penny Arcade
2028,homunculus spiel
2029,"Scimitar Games, Inc."
2030,Kheper Games
2031,Franz Schmidt
2032,Role et Strategie Editions
2033,OOMM
2034,And That's The Way It Was...
2035,Maple Games
2036,Iff Studios
2037,Martinex
2038,Wonderspell
2039,CosplaYou
2040,HGN Games
2041,Skipshot Games
2042,Forged by Geeks
2043,Revision Games
2044,Californian Products
2045,Specialist Military Publishing
2046,BlankMediaGames LLC
2047,Allumbra
2048,"Cayro, the games"
2049,Anvil 8 Games
2050,The Gadget Shop
2051,Ghettopoly.com
2052,Spider-Goat Games
2053,Mighty Fun
2054,Rumba Games
2055,Super Noob Games
2056,Hattrick
2057,Discovery Bay Games
2058,Ensignia Games
2059,Pacific Rim Publishing
2060,Przedsiębiorstwo Innowacyjno-Wdrożeniowe Medicat sp. z o. o.
2061,Black Dove Games
2062,XVgames
2063,Replay Publishing
2064,One Draw
2065,"Engine ID, Ltd."
2066,Hogg Publishing
2067,Educa Borras
2068,CreativaMente
2069,Hungarotoys
2070,Game Harbor
2071,Arti Grafiche Ricordi
2072,Cloud Games
2073,Craft Fair Games
2074,Id&aL Editions
2075,Cerebrer Games
2076,Aviary Games
2077,4 Sisters Games
2078,Waddingtons
2079,MANGROVE GAMES
2080,Leprechaun Games (Board Game)
2081,Stormcrest Games
2082,Arcastudio
2083,HaKubia
2084,intellego holzspiele
2085,HYBR
2086,The Games Team Ltd.
2087,Copper Frog Games
2088,Frog the What Games
2089,"Boardroom Productions, Ltd."
2090,Europa Simulazioni
2091,Ludocortex
2092,Vae Victis
2093,Conceptual Math Media
2094,The Canadian Group
2095,"Fleet Games, Inc."
2096,Invedars
2097,Lionel Trains
2098,Peter Pan Playthings
2099,Quarterdeck Games
2100,Boxed Lightning
2101,Muduko
2102,MOZI Games
2103,Mountaintop Games
2104,Sega Toys
2105,LOGIS
2106,Kenner
2107,Pangea Games
2108,Anoch Game Systems
2109,Lazy Squire Games
2110,0 hr art & technology
2111,BARD Games LLC
2112,MeterMorphosen
2113,DTDA Games
2114,Fanfor-Verlag
2115,Kallmeyer
2116,Lúdika y Artefactos
2117,Gowell Classic Games
2118,Le Délirant
2119,双子のライオン堂 (Twins Lion Do)
2120,Crystal Spider
2121,"Creaciones Lúdicas Sinoespañolas, S.L."
2122,Berea College Crafts
2123,Ludens Spirit
2124,Thin Red Line Games
2125,Corglenburg Ltd.
2126,"Spółdzielnia Rzemieślnicza ""Żoliborz"""
2127,Sunday Club Games
2128,Fabrika Igr
2129,Tanemaki Designs
2130,BARPIG
2131,Firelock Games
2132,Tyto Games
2133,Cosmoludo
2134,Black Oak Games
2135,Brainteasers
2136,Horst Rokitte - Ideen für Spiele
2137,Mythica Gaming
2138,The Bodleian Library
2139,FableSmith
2140,One Thousand XP
2141,Old Casa Games
2142,Late for the Sky Production Company
2143,uWookiego
2144,Big Kid Games
2145,Great Escape Games
2146,Maynard's
2147,Cogito ergo Meeple
2148,Kraken Games
2149,Decking Awesome Games
2150,Card Castle
2151,"Versal Technologies, Inc."
2152,Tailor Games
2153,Callao
2154,Cardium Games Ltd.
2155,Regular People Gaming
2156,One Small Step
2157,Sugorokuya
2158,John Waddington Ltd.
2159,Funmaker Games
2160,Evil Polish Brothers
2161,Treesharp Games
2162,B. E. Game Corp
2163,Warehouse Games GmbH
2164,Nelostuote Oy
2165,RealityGame
2166,Casasola
2167,Synelix
2168,KYF Edition
2169,Room and Board Games
2170,Learning Resources
2171,Boîte de Jeux
2172,Juegos Crone
2173,Intellect Games
2174,Light N Games Inc.
2175,"Standard Games and Publications, Ltd."
2176,Imp House LLC.
2177,Pair-of-Dice Games
2178,SolarFlare Games
2179,"Gozer Games, LLC"
2180,Caravel Games
2181,"CribbGolf, Inc."
2182,Deer Games
2183,Target Games
2184,Atheris Games
2185,Ditoys
2186,Splattered Ink Games
2187,Sigil Stone Publishing
2188,Make Believe Games
2189,Jing Studio
2190,Exocrate Games
2191,Haywire Group
2192,Kudu Games
2193,Unplugged
2194,RBG
2195,Chancegamer LLC.
2196,Éditions du Boréal
2197,MomentumVolsk
2198,Table Forged
2199,Doppeldenkspiele
2200,BV Leisure Ltd
2201,MMG Ltd.
2202,Mentha Designs
2203,2 Ton Porcupine
2204,Project Genius
2205,Aegir Games
2206,Giochi Rari
2207,Brändi
2208,Bucaneiros Jogos
2209,Intaglyph
2210,Darrington Press
2211,Caper Games
2212,Cucafera Games
2213,"Urban Island Games, LLC"
2214,Grapac Japan
2215,Smart Flamingo
2216,Legion Supplies
2217,Flagship Magazine
2218,TF Verlag UG
2219,Unicorn (I)
2220,Summon Entertainment Corp
2221,Amalgam
2222,Imperium
2223,David Wang Studio
2224,Huki
2225,Sizigi Studios
2226,Fire Squadron
2227,Bezzerwizzer ApS
2228,Funbox Editora
2229,KP Games
2230,Past Go Gaming
2231,Workhouse Games
2232,Peculiarity
2233,Spear's Games
2234,7/5 Games
2235,Johnny Reb Game Company
2236,Hypercube Games
2237,"Legendary Games, Inc."
2238,Blood & Cardstock Games
2239,Treasure Falls Games
2240,Worldshapers
2241,Grim Games
2242,Dazzleedu
2243,Slinky Gibbon Games
2244,Horizon Games (III)
2245,Valiant Game Studio AB
2246,Buchclub
2247,The Card Cabinet
2248,Geoludie
2249,Emperors of Eternal Evil
2250,Live Oak Games
2251,Cybergecko
2252,"LearningHerbs.com, LLC"
2253,Pegasus Hobbies
2254,Ariac Games
2255,FunDaMental Games
2256,thinkgeek.com
2257,Argyx Games
2258,"Intercommerce of America, Inc."
2259,VUCA Simulations
2260,Funtastic
2261,Mind Fitness Games
2262,Yggdrasil Jocs S.L.
2263,Tolmayax Games
2264,AOP (Aquariums of Pantheon)
2265,Giuoco
2266,Gripping Beast
2267,Il Barone Games S.r.l.
2268,Goldmerk
2269,Playford Games
2270,Carrera Tabletop Games
2271,"Margaret Weis Productions, Ltd."
2272,Poncho Games Argentina
2273,Red Republic Games
2274,Uncle Skunkle Toys
2275,Clever Unicorn Games
2276,RUDY3 Publishing
2277,Game Absorber
2278,MS Jogos
2279,Eesti päevaleht
2280,A1 Asakusa Toy Co. (株) エーワン
2281,Dreamcraft Games
2282,Exile Game Studio
2283,Gotta2 (ゴッタニ / Gottani)
2284,Panther Games
2285,3am Games
2286,Living Worlds Games
2287,Roll D6 Games
2288,Maldón
2289,MJ Games
2290,Purple Meeple Games
2291,Meetpoint LLC
2292,Playco Hawaii
2293,He Does Not Throw Dice Limited
2294,Jacob's Brick Games
2295,L'Arbre a Jouer
2296,Dachshund Games
2297,"S & S Innovations, Inc."
2298,Opportunity Games
2299,Old School Wargames
2300,Red Mojo
2301,Nelospelit
2302,"Research Games, Inc. / Athol / RGI / ARC"
2303,Story Machine Games
2304,Veldi Games
2305,Product Arts LLC
2306,Aardman Animation
2307,Walt Disney Productions
2308,Games Afoot
2309,Real Wallachian Games
2310,Enhance Games
2311,Chemoplast Brno
2312,Dust Bunny Games
2313,Subsurface Games
2314,Hellion Cat
2315,Tembo Games
2316,Trofé
2317,Tiny Battle Publishing
2318,Lagniappe Games
2319,Custom Game Co.
2320,"Triple Ace Games, Ltd."
2321,Crib Wars International Corp.
2322,Gamesformotion
2323,Kobold Spieleverlag
2324,Vagabund
2325,Éveil & Jeux
2326,Mind Candy
2327,Sixpence Games
2328,DeAgostini
2329,Magnolia Game Company
2330,NoDiceBoardGames Ltd.
2331,Rabbiteer
2332,Burning Games
2333,Brouhaha Games
2334,Canopus Consultancies
2335,Bartl
2336,Raku Games
2337,Apotheosis Games LLC
2338,Inward Games
2339,Dr. Richter Konfliktsimulationen
2340,Playtoy Industries
2341,Selecta Spel en Hobby
2342,"Supersonic Bionic, LLC"
2343,Game Company No. 3
2344,TGG Games
2345,"Big Toe Games, Inc."
2346,Fantasy Workhouse
2347,"Covenant Communications, Inc."
2348,icarus
2349,Infinity and More
2350,"Grenadier Models, Inc."
2351,Last Ditch Games
2352,Guidon Games
2353,Time Slug Studio
2354,Everwerks
2355,GameWick Games
2356,CASA Consultors i Arquitectes SL
2357,Agie Games
2358,Stractical Concepts
2359,Guru Fabric
2360,2D10
2361,Mighty Fist Games
2362,Blauberry
2363,Rhino Game Company
2364,"R. A. Frederickson, Inc."
2365,SINONIS
2366,River Edge Game Company
2367,Lonny Games
2368,STORMAKTEN Production
2369,Andrew / Clay Games
2370,Hunt A Killer
2371,Dracomaca
2372,Murfett
2373,The Space Gamer
2374,Instytut Wydawniczy Erica
2375,SPW (Schroeder Publishing & Wargames)
2376,Visionary
2377,Koplow Games
2378,Dog Might Games
2379,The Infantree
2380,Never Peak Games
2381,Soylent Games
2382,するめデイズ (Surume Days)
2383,Vice Games
2384,MCS Group
2385,Dagoy
2386,Lost Adept Distractions
2387,Canons en Carton
2388,"Distinctive Games, Inc."
2389,Mindtwister AB
2390,Juegos Fournier
2391,Royal Art Games
2392,Orca Jocs
2393,Moroz Dev Studio
2394,Mindmade Games
2395,Boardgame Guerilla
2396,Paw Warrior Games
2397,Baloise Group
2398,SYYA Games
2399,Dast Work srl
2400,"Mystic Tiger Games, LLC"
2401,Quantum Printing
2402,Darwin Project
2403,B&B Productions
2404,Minden Games
2405,Snake Eyes Games
2406,Modest Games
2407,Inte-gra
2408,"BLM Games, Inc."
2409,Cirondo Games Company Limited
2410,BANANA SMILE
2411,Relaxx
2412,Dissimula Edizioni
2413,I Libri del No
2414,Coerceo Company
2415,Vatal Entertainment Studio
2416,Hiatus Games
2417,Artistic Justice Games
2418,Wargi Studios
2419,Merlin Games
2420,Plasto
2421,Beardy Brothers
2422,Lakeside
2423,Abadis
2424,Limbo Miniatures
2425,Moments in History
2426,L4 Studios
2427,Gametime Games
2428,Escapade Games
2429,Purkess Brittain Games
2430,The Flux Capacity
2431,Fourtato Games Inc.
2432,One Day West Games
2433,High Roller Games
2434,Western Publishing Company
2435,Brookhurst Hobbies
2436,Motor City Gameworks
2437,Blue Kabuto
2438,Dog Breath Games LLC
2439,"John N. Hansen Co., Inc."
2440,Lud Editions
2441,Maldito Games
2442,Phantastische-Spielewelten
2443,What Do You Meme?
2444,GALLERY OUCHI (ギャラリーおうち)
2445,Giseh Verlag
2446,Cardboard Alchemy
2447,Gogny-Goubert
2448,Shadow Squirrel Games
2449,Bright Light Games
2450,SmartPlay Editorial (SP)
2451,Card Sharks
2452,Iron Box Games
2453,Famous Games Co
2454,Dogtown Games
2455,Fisher Heaton Games
2456,Screech Dragon Studios
2457,Aether Tower
2458,Sherco games
2459,Maruca Industries
2460,Turnham Games
2461,Play With Us Design (玩聚設計)
2462,Histoire & Collections
2463,Open Sesame Games
2464,Agrypelago Games
2465,W. Nostheide Verlag GmbH
2466,Head Quarter Simulation Game Club
2467,SD Games
2468,Grimlord Games
2469,Perihelion Games
2470,The Noble Artist
2471,Fagus
2472,Dr. Livingstin Games
2473,Hexa House
2474,Solbenk
2475,Ace of Brains
2476,Zygote Games
2477,Glastyn Games
2478,B2FGames LLC.
2479,Gamescience
2480,Carpe Omnis Games
2481,Aurora Game Studio (China)
2482,Weykick.de
2483,Arrow Games Ltd
2484,"Brainstorm Games, Inc."
2485,Les 12 Singes
2486,Strange Magic Games
2487,Walnut Games
2488,APAS Verlag
2489,Supremacy Games
2490,Oneupmanship
2491,Daft Concepts
2492,Necromolds LLC
2493,Sterling Publishing Co.
2494,Jonathan Pac Cantin Games
2495,Smoothie Games
2496,The Canada Games Co.
2497,Acabo Games AB
2498,TooDoo Editions
2499,Castillo Games
2500,Into the Unknown
2501,Jordans Games
2502,Matchbox
2503,Wulven Game Studios
2504,WildFire LLC
2505,Forsage Games
2506,Royal N. Games
2507,Amway
2508,Pearltime Games Ltd
2509,Mind Games UK
2510,Bed Beard Games
2511,em4miniatures
2512,Mulligan Creative
2513,Shipps Ltd.
2514,Lavka Games
2515,Red Media
2516,Ceilikan Jogos
2517,Foxtales Studios
2518,L'Impensé Radical
2519,"Mindlogic, Inc"
2520,JAMA
2521,Kalango Analógico
2522,Shadowborne Games
2523,Sfera
2524,Great Games
2525,Punch-It Entertainment LLC
2526,Social Games
2527,Two Hour Wargames (THW Game Design)
2528,Starfire Design Studio
2529,"Bates Games, Inc."
2530,Adventure On Games
2531,Irwin Toy Ltd.
2532,Games Centre
2533,Wheelhouse Games
2534,4J Enterprises
2535,Dream Pod 9
2536,Blue Sky Enterprises
2537,Dream Green
2538,Destination Games
2539,Heel Turn Games
2540,Good Game Studio
2541,Strange Space Games
2542,Fat Brain Toy Company
2543,Komo Games LTD
2544,Black Key Games
2545,Creative Crafthouse
2546,Attactix Adventure Games
2547,Enigma Studio
2548,"Sevinpold Castles, Inc."
2549,APA BoardGames
2550,Pulp Alley
2551,Crawford & Company
2552,Hausemann & Hötte N.V.
2553,Why So Ever
2554,Marflow Games
2555,Fongomongo Games
2556,Fun & Games Group
2557,Goodman Games
2558,The Movie Game Inc.
2559,Loyalist Games
2560,Sherwood Games
2561,4Kids Entertainment
2562,Detestable Games
2563,Casa Estanciero S.R.L.
2564,Smiling Goblin
2565,Mysterian Games
2566,テンデイズゲームズ (Ten Days Games)
2567,Plakks Entertainment
2568,Oberon Games
2569,Three Wishes
2570,Onion Squire
2571,Impact! Miniatures
2572,Lubee Edition
2573,ZXG
2574,DISRUPTIVE INC
2575,Trollspel
2576,Gameworthy Labs
2577,Tidbit Games
2578,War Storm Series
2579,Chicken Dice Games (チキンダイスゲームズ)
2580,"Bigfoot Games, LLC"
2581,Incel Riot Studios
2582,CARDZ
2583,FunTimeGames
2584,Inspiration Play
2585,Lynnvander Studios
2586,Evidence Interactive
2587,Psychopathic Records
2588,WBS Games
2589,"Game and a Curry, LLC"
2590,Troubadour Games
2591,Playmates Toys Inc.
2592,Sam Mustafa Publishing LLC
2593,Brybelly
2594,Monster Fight Club
2595,Vennerød Forlag AS
2596,Cutlass Boardgames
2597,Denkriesen
2598,Dadi & Piombo
2599,Cool Stuff Unlimited
2600,Bushiroad South East Asia Pte. Ltd.
2601,Nationalencyklopedin
2602,Creator Studio
2603,Action Games and Toys Ltd
2604,Adventure Games
2605,Challenge sprl
2606,The Finance Game Company
2607,Last Stand Games
2608,Variant Media LLC
2609,Oneliner Ltd.
2610,Board and Tale Games Inc.
2611,Fresno Gaming Association
2612,Cuboro
2613,Blue Wasatch Games
2614,Arbetskooperativet Spelverket
2615,Planet Thirteen
2616,Sparr Games
2617,Hillary's Toy Box
2618,GIOGAMES
2619,Cation Arts
2620,Runnaman Games
2621,Wyrd House
2622,Lelutukku
2623,RAINN Studios
2624,Morphology Games
2625,History In Action Game (The Galactic Attic)
2626,Enjoy Thinking Studio
2627,Freebooter Miniatures
2628,The Mountain Men
2629,Locust Games
2630,Gyldendal
2631,Lion Rampant
2632,TUKAPON
2633,Creative Designs
2634,GiftTRAP Enterprises
2635,Gaiagames
2636,EOS Press
2637,Tempus Fugit Games
2638,Culligan
2639,Rob Fisher
2640,Filsinger Games
2641,Willow Tree Games
2642,BNKB Games
2643,Minotaur Games
2644,Quantuum Magic
2645,Witty Editions
2646,"Derpy Games, LLC"
2647,Irrational Ventures Inc.
2648,Ship of Fools Games
2649,Bluepiper Studio
2650,Half Wing Games
2651,Table Tyrant Games
2652,Javos (PaN)
2653,Balls Out Entertainment
2654,93 Made Games
2655,Lakeshore Learning Materials
2656,Stone Circle Games
2657,Infectious Play
2658,Broomstick Monkey Games
2659,Prettiest Princess Games
2660,We R FUN
2661,MB Spellen
2662,"Turtle Dream Games, LTD"
2663,Catch Time Studio
2664,"Janjohn Games, Inc."
2665,Family Games (II)
2666,Inventure Cloud
2667,Spieltrieb
2668,Globopolis
2669,Reaper Miniatures
2670,Schmidt France
2671,Intrepid Games
2672,Sideline Strategy Games
2673,Mallegory
2674,Smart Play Games
2675,Ludofy Creative
2676,Ediciones de Mente
2677,McNutty Games
2678,Rising Star Games
2679,Inedo
2680,RunDOS Studio
2681,RoseKnows
2682,Crisloid
2683,Funagain
2684,Odynaut Games
2685,Viravi Edicions
2686,Arasai Overseas Ltd
2687,"Fremont Die Consumer Products, Inc."
2688,Chaos in Motion
2689,Outside In Games
2690,Social Sloth Games
2691,Twin City Games
2692,Shadow Mountain Publishing
2693,Capital Gains Studio
2694,Easy Eight
2695,PaperGames (III)
2696,Astrel'
2697,the glyphpress
2698,Aulic Council Publishing Co.
2699,GT² Fun & Games
2700,Artisan of Games
2701,Lunatic Board Games
2702,Pratzen Editions
2703,Elbowfish
2704,Hogger Logger LLC
2705,Studio Midhall
2706,Niffler Ltd.
2707,Green Meadow Games
2708,Hegemonic Project Games
2709,All Fun and Games
2710,Diegetic Games
2711,MixinGames
2712,Press Pot Games
2713,Th3rd World Studios
2714,Flying Leap Games
2715,Silverclutch Games
2716,BoomBox BoardGames
2717,Best EPE
2718,Dragon Egg Games
2719,uplay.it edizioni
2720,Baccum Inc.
2721,Max Manga
2722,WFF 'N PROOF Games
2723,Game Market
2724,Koliba Publishing LTD
2725,Game Revenant LTD
2726,Ludogix
2727,Magic House Games
2728,Octopus Games
2729,S.G. Games
2730,Avril & Floréal
2731,Ginger Fox Games
2732,Boardworks Games
2733,Bin'Fa
2734,VSK-Erwachsenenspiele
2735,Forsaken Games
2736,Inteligente
2737,Vermin Games
2738,Totally Insane Card Game Company
2739,Hammerhead Enterprises
2740,Birjan
2741,God Hates Games
2742,Medallion Simulations
2743,Familiar Games
2744,Stonewall Developments
2745,Black Light Games
2746,Simi Game Knights
2747,Darwin Games
2748,Tin Shoe Games
2749,Thomas Naylor and Associates
2750,Poyeba Games
2751,トーホクウィステリア (Tohoku Wisteria)
2752,Lambourne Games
2753,AB-MM
2754,Iron Hippo Games
2755,Heart of the Deernicorn
2756,Mysterious
2757,Studio Tomahawk
2758,Damfino Productions Ltd
2759,Penguin Spot
2760,New Entertainment Ltd
2761,Poultron Press
2762,Birdcage Press
2763,"Clutch Hobbies, LLC"
2764,Racky Spiele
2765,Big Punch Studios
2766,Matter Group LLC
2767,モクバ堂(Mokubado)
2768,Endgame Entertainment
2769,Gutter Games
2770,Real Action Games
2771,Wisdom Owl
2772,Kiehly
2773,Flick Game Studio
2774,FunWiz
2775,Rigo Games
2776,ZGrani - Wydawnictwo gier bez prądu
2777,SIMTAC
2778,HenMar Games
2779,Et Games Limited
2780,Amazon
2781,Historic-One
2782,Exequor Studios
2783,Space Cow
2784,Latz Chance Games
2785,Das Spiel
2786,High Flying Dice Games
2787,Gameshop
2788,Linden Lake Games
2789,Phoenix Games (I)
2790,Peregrine Games
2791,People's War Games
2792,Penguin Books
2793,Hodari Spiele
2794,Arcano Games
2795,Iron Ivan Games
2796,Hot Stove Games
2797,Toy Brokers Ltd
2798,Acies
2799,Lord of the Chords LLP
2800,Flair Games
2801,Alloyed Creations
2802,Infinite Heart Games
2803,Arms and Armour Press
2804,Lost Cog
2805,Penrose Press
2806,DCK Wallace
2807,Nerdcore Medical
2808,Creative Data Systems
2809,"Space Goat Productions, Inc."
2810,Deluxe Games and Puzzles
2811,Big Bad Wolf
2812,Living Waters
2813,Gmeiner-Verlag
2814,Caffaro Hnos
2815,Ultimate Games
2816,Tempo Games (III)
2817,Majora
2818,Prestel Verlag
2819,Hornet Games
2820,Upstarts
2821,Admondo
2822,Strothmann-Spiele.de
2823,Cub de Jocs
2824,Cheap Sheep Games
2825,Popular de Juguetes
2826,Spell Games
2827,BocksVerlag
2828,Games USA
2829,Simulations Workshop
2830,Nebulous Games
2831,Alma Giochi
2832,Hanayama
2833,Metal King Studio
2834,Pops & Bejou Games
2835,Ninja Print
2836,Tetrahedron Games
2837,radiuthree
2838,S2 Adventures
2839,Cthulhu Project
2840,Randover Games
2841,Ducosim
2842,Egel-Spelen
2843,"Super Star Game Co., Inc."
2844,Kompas Publishing
2845,Strategic Studies Group
2846,One Method Monkey
2847,Chinook Games
2848,Outlaw Miniatures
2849,"Ok2Win, LLC"
2850,"Aegis Entertainment, Inc."
2851,Storyception Games
2852,"The Garden Game, Ltd."
2853,Fantastic Lombric
2854,Agerex Oy
2855,Edigráfica Games
2856,mgxmedia GmbH
2857,Lemeco
2858,GhazPORK Industrial
2859,DreamWorks
2860,"The Brand Cafe, Inc."
2861,Ludofun
2862,Stone Ring Games
2863,Halloween Concept
2864,TCA Games
2865,Dangermoose Entertainment
2866,Yamat
2867,Weta Workshop
2868,Burbank Toys
2869,Manikmaya Games
2870,Takara
2871,Jellyfish Game Studios
2872,Cogitate Games
2873,Brain Candy Games
2874,Right After Then Design LLC
2875,Joker
2876,Bag-O-Loot
2877,Microgame Design Group
2878,Tangent Games
2879,9 Kingdoms Publications
2880,Graham's Games
2881,Casual Dragon Games
2882,Mackerel Sky Games
2883,KOMA ehf
2884,Chiaos Creative
2885,Pacru Ltd
2886,Hopwood Games
2887,High Games Entertainment
2888,Liner Note
2889,Dark Space Corp
2890,Imagine Realm
2891,Cheeky Dingo Games
2892,Absurdist Productions
2893,TËMABREW
2894,Magma Éditions
2895,New Making Studio
2896,Augsburger Spieleschmiede
2897,QfreeGames
2898,JAKKS Pacific Inc.
2899,Boda Brothers
2900,Gamely Ltd
2901,apauling games
2902,De-Evolution Studios
2903,Kozz Games
2904,Sunny Games
2905,A&KJ Productions
2906,Alien Lab
2907,"Cashflow Technologies, Inc."
2908,Gentertainment Inc.
2909,"Plow Digital, LLC"
2910,"Fire Island Games, Inc."
2911,Black Straw Games
2912,Six to Start
2913,Romancing Cathay
2914,Nocturnal Media
2915,Platypus Games
2916,"Attack Dice, LLC"
2917,Jarvis Porter Ltd
2918,Zilch Games
2919,Jorta bvba
2920,Inquest Gamer Magazine
2921,Cardboard Island Games
2922,Coozies Games
2923,Haas Games
2924,Escape Tabletop Games
2925,Half-Monster Games Pty. Ltd.
2926,MINDOK
2927,Facily Jeux
2928,Sensalot
2929,Bütehorn Spiele (Buchholz Verlag)
2930,Grizzly Games LTD
2931,さとーふぁみりあ (Sato Familie)
2932,rappel GbR
2933,Gindi
2934,Searchglen
2935,Cut and Run Productions Ltd
2936,Infinite Pi Games
2937,Manawaker Studio
2938,T-Tower Games
2939,"Simulation Design, Inc."
2940,Interaction Point Games
2941,Bomber
2942,Spellforge Games
2943,"The Game Works, Inc."
2944,Innovative Games Creation
2945,RTL Games
2946,Gamma Two Games
2947,GameStar Designs
2948,Gray Matters Games
2949,Featherstone Games
2950,MindSports
2951,THOMPSON Industries
2952,Sofa Games
2953,"Brain-ed, Ltd."
2954,"International Playthings, Inc."
2955,Juegorama
2956,Glücksritter Spiele
2957,AzaoGames
2958,SoulJar games
2959,Dart Flipcards
2960,Shinobi 7
2961,offcut games
2962,Accoutrements
2963,Baba Geek Games
2964,Home Rock Entertainment
2965,Art and Games
2966,Coisinha Verde Games
2967,Gamia Games
2968,BlindLuck Studios
2969,DDH Games
2970,Ggame
2971,Müller-Mätzig Spiele Verlag
2972,PARIA
2973,BSO Games
2974,Creative Conceptions
2975,Intellijeux
2976,Ironmark Games
2977,Navespacial Producciones
2978,Continuum Games
2979,Henard Industries
2980,BadCat Games
2981,Copp Clark Publishing Company
2982,"Silverleaf Games, LLC"
2983,Herbertz Entertainment UG
2984,"Canvas Temple Publishing, LLC"
2985,Snarling Badger Studios
2986,Princeton International Enterprises
2987,Espenlaub
2988,SharkeeGames
2989,Blind Ferret Entertainment
2990,Danko toys
2991,Furious Tree Games
2992,"Mamopalire, Inc. of Vermont"
2993,Mindspan Labs
2994,AAIIEEE!
2995,Genie Games
2996,Ludis
2997,Grandoor Games
2998,Dead Ant Games
2999,HAL-13
3000,Rocket Toys and Games
3001,"The Five of Us, Inc."
3002,Weico Produkte GmbH
3003,Tin Hat Games
3004,Poketto
3005,Minerva
3006,Rostherne Games
3007,Rainbow Games
3008,Happy Otter Games
3009,"Hidden Talents, LLC"
3010,Zenit Miniatures
3011,Rocca Spiele
3012,SB Games AS
3013,Accentuate Games Ltd.
3014,Iron Fist Publishing
3015,Little Future (リトルフューチャー)
3016,Perry Miniatures
3017,Merlin Pool Games
3018,Virtuda
3019,Ply Games
3020,Mondainai
3021,WeLoveGames
3022,Worldwide Games
3023,Asmodee Spain
3024,Compete Now
3025,Fantasy Games Unlimited
3026,Luchacabra
3027,Simple Design Publishing
3028,Ratkins Games Downunder
3029,Straight Jab Media
3030,"Games Partnership, Ltd., Inc"
3031,The Escape Game
3032,I Am Factory
3033,DICE TOY LABS
3034,3 Man Chess
3035,Mystery Parfait
3036,Stone Mountain Press
3037,mental_floss
3038,The Emperor's Press
3039,Mitra
3040,Novina
3041,Smartegg Games Ltd.
3042,Majestic Twelve Games
3043,"Capcom Co., Ltd."
3044,Rock Science AB
3045,Aleph Game Studio
3046,Joyco
3047,Argyle Games
3048,Henmead
3049,New Classic Games
3050,Merlin Collectibles
3051,PKB Games
3052,Zobmondo!! Entertainment LLC
3053,Elfenherz
3054,Daemon Editora
3055,Takamagahara
3056,Battle Bunker Games
3057,Triumph Games
3058,Aurora Game Studio (France)
3059,Wrebbit
3060,"NSB Games, Inc."
3061,Mag Force 7
3062,Nova Forge Enterprise
3063,38 Studios
3064,LENA-Spielwaren GmbH
3065,Lanlalen
3066,Blackbody Lab
3067,Pinbro Games
3068,Gold Cauldron Games
3069,Borzag Games
3070,Planplay
3071,Fun-at-Home Games
3072,Dizemo Entertainment
3073,Walrus Ventures
3074,Happy Harpy Games
3075,Ben Sanders Co.
3076,DG Games
3077,Fugitive Games
3078,Rykodisc
3079,Penguin & Panda Productions
3080,Kineti-Go Games
3081,Beer & Pretzel Games
3082,Funnybone Toys
3083,Adolph Holst A/S
3084,Robin Red Games
3085,General Mills
3086,Cravon Studios
3087,Naturalist Games
3088,"Colour of Strategy, Ltd."
3089,Mobi Games Inc
3090,Zielona Sowa
3091,iN'sanity Games
3092,Analog Game Studios
3093,Simulacra Games
3094,Nick Pace Entertainment
3095,Luminary Games
3096,Holstein Spiele
3097,Valen Brost Game Co.
3098,Megableu
3099,PHI Sports Games
3100,Channel Craft
3101,Ferris Hayward Ltd
3102,AllumetteS créations
3103,Dreamsville Publishing
3104,Ngũ Hành Games
3105,Firefly Games
3106,612 Games
3107,Appletree Toys
3108,Archie McPhee
3109,GameStax
3110,Osterman & Westergren AB
3111,Phoenix Enterprises Limited
3112,Zenescope Entertainment
3113,Epoch
3114,Escape Plan Board Games
3115,Triumvirate Games LLC
3116,NISEI
3117,White Label Games
3118,"Horizon Games, Inc."
3119,Mikugames
3120,Playad Games
3121,Ergo Sum Games Ltd
3122,Halex
3123,Sculpin Games
3124,"Topwise Games, LLC"
3125,Global Games Company
3126,"Ovation Productions, Inc."
3127,DogEared Games
3128,Defifoo SA
3129,Mid Level Meeple
3130,Brinquedos Rei
3131,Sagely Games
3132,2 Handsome Games
3133,"Baranarab Innovations, Inc."
3134,Musketeer Chess
3135,Cradle of Games
3136,Exod games
3137,Hoyle Products
3138,Games for Pleasure Ltd.
3139,Orion Games
3140,Tolany LLC
3141,Factor Games
3142,Pumpkin Games
3143,AV Editions
3144,GetDigital
3145,Point 'n Click design
3146,"Zomax, Inc."
3147,"Buch und Zeit Verlagsgesellschaft m.b.h., Köln"
3148,Beleduc
3149,Edicarton
3150,Meteor Verlagsgesellschaft
3151,Assim Toys
3152,Forge World
3153,Excelsior Entertainment
3154,WowWee
3155,Table Cross
3156,Iron Sun Games
3157,Heiwa Kogyo (平和工業)
3158,Éditions La Donzelle
3159,Studio 202 Games
3160,Old Dominion GameWorks
3161,Initiativet
3162,Tiny Concept
3163,"Imagineering Design, Inc."
3164,3J Games
3165,Hippocampus
3166,Karto
3167,JA-RU Inc.
3168,Impact Games
3169,EpicTCG.com
3170,Plankton Games
3171,Boar-Game Studio
3172,OK Ediciones
3173,Feelindigo
3174,Stupendous Games
3175,Antoine Brissy
3176,Kylskåpspoesi AB
3177,5tails Studio
3178,B&R Mindworks
3179,"Arguegame.com, Inc."
3180,Fun Q Games
3181,Munji Studios
3182,Animal Town Game Company
3183,Alternative Armies
3184,Trafalgar Editions
3185,Jouets Bo-Jeux Toys
3186,Ludopress
3187,ChagaChaga Games
3188,Bushbaby Games
3189,Ampersand Press
3190,Mad Cave Bird Games
3191,Lumpley Games
3192,Charm-City-Games
3193,Ludifolie Editions
3194,Salagames
3195,Alien Dungeon
3196,Man O' Kent Games
3197,I Will Never Grow Up
3198,H@LL9000 e.V.
3199,Battlezone
3200,DNR Boardgame
3201,"Oxford Games, Ltd."
3202,Laser plus
3203,Professor Puzzle Ltd.
3204,Thunderhaven Game Co.
3205,Alice Soft
3206,Lodus Games
3207,Company Preuss
3208,Torchlight Games
3209,Scale Games LLC
3210,Pole Position
3211,Kohner Bros.
3212,Synergic Games
3213,Tabletoys Indonesia
3214,Super Impulse
3215,Sagarian Corporation
3216,Stadt Lauda-Königshofen
3217,Last Gasp
3218,Design Edge
3219,Cheese Weasel Logistics
3220,Round Table Productions
3221,"Fantasm Sports, Inc."
3222,DK Simulations
3223,EGRA Games
3224,Dabeco Games
3225,Dice Corp
3226,Gestion Group-Or
3227,Arcadia Designs
3228,Hoy Games
3229,Daigt
3230,Arcane Games
3231,CubiTeam
3232,Playco Games
3233,Space Reindeers
3234,Malinche Games
3235,Arkada Studio
3236,Richard R. Sartore & Associates
3237,PlaSmart
3238,Incredible Game Company
3239,Tolman Games
3240,Spielen
3241,MOGwai (モグワイ)
3242,Entropic Games Ltd
3243,Strategic Retreat
3244,N.V. Smeets & Schippers Amsterdam
3245,Arborel
3246,Sampo
3247,Disney/Pixar
3248,Imago
3249,Chiveus
3250,LINEA ROSSA GAMES LLC
3251,Aesc Games
3252,CatImperium
3253,Northern Games Co. Ltd.
3254,GameTable Online
3255,5 Color Combo
3256,Die Wuselmäuse
3257,Rogue Artist Creations Ltd.
3258,Thomasson Toys (トマソン玩具)
3259,Footloose Productions Ltd
3260,Crocodile Games
3261,倦怠期 (Kentaiki)
3262,Wheeler Games (Board Game)
3263,TGM Editora
3264,Test of Battle Games
3265,Tremorworks
3266,Wren Games
3267,Hygge Games
3268,Bearded Board Games
3269,Crown Tactics Inc.
3270,Most High Design
3271,DaMert Company
3272,"Specialty Board Games, Inc."
3273,Gametree
3274,A Smith Games
3275,Remember
3276,Jeezle Pete's! LLC
3277,idea Hellenic Design
3278,WorldWorks Games
3279,Oathsworn
3280,"Sports Mogul, Inc."
3281,Shadowcircle Press
3282,Trefl Joker Line
3283,"Empire Games, Inc."
3284,Lost Treasure Games
3285,Dino Entertainment
3286,Reverso Games
3287,Mini TableTop Games
3288,NICE TRY Games
3289,Wishing Tree Games
3290,Kazoodoo Games
3291,Green Board Game Co.
3292,Wild Connections
3293,Rubbing Hands
3294,Harenberg
3295,Three Crowns Games
3296,Cérigo Editions
3297,Schutze Games
3298,Literally Wizards LLC
3299,Brookspun Games
3300,G2 Games  (Board Games)
3301,Faysylwood Press
3302,Spiel Spass
3303,Games for Table Races S.L. (Spain)
3304,Inferno Games
3305,Uplink Underground Games (II)
3306,4Univers
3307,Game Publications Group
3308,"Crypt Monkey Studios, LLC"
3309,Rogue Publishing
3310,Alna
3311,"Blackout Games, LLC"
3312,von Braus publishing
3313,Future Games Ltd
3314,Недомино
3315,Rapid Fire Publications
3316,Admiralty Trilogy Group
3317,The Creative Assembly
3318,Dal Tenda
3319,Black Dragon Press
3320,Silent7Seven Games
3321,Foursight Games
3322,Level Zero Games
3323,Jeux Actuels
3324,Blue Zebra
3325,Seajay Games
3326,Pen and Sword Books
3327,Sundial Games LLC
3328,Papaya Editora
3329,Great American Trading Company
3330,"Tinderbox Entertainment, LLC"
3331,Edualc Z Promotions P/L
3332,WorldsForge
3333,Playlogue Creations
3334,Alex Brands
3335,Zeitgeyser LLC
3336,Harlekin
3337,HT Games
3338,Blue Fox Games
3339,13Rentgen
3340,Catalan Games
3341,TF1 Games
3342,Moosh Games
3343,i-Kore Ltd.
3344,Daggit Games
3345,DELiGHTWORKS
3346,ASL Pastimes Limited
3347,Abstract Games
3348,"Sabatini, LLC"
3349,桌遊鬍子 POKI Design
3350,Geographia Ltd.
3351,Gangrene Games
3352,Hawgleg
3353,Human Head Studios
3354,Saller & Brunner Verlag
3355,2mt Games
3356,Gandy Dancer Games
3357,Accomplice Productions
3358,Indie Entertainment
3359,Joen
3360,Warren Company
3361,Peter Pig
3362,Yutopi
3363,Predicate
3364,Print & Play Productions
3365,Trader's Luck Games
3366,Aspen Brooks
3367,Scallywags International
3368,Vedra Games
3369,American Publishing Corp.
3370,Marshal Enterprises
3371,St. Magnus
3372,Braine Games
3373,The Giant Brain
3374,Korokorodou
3375,Rielekst
3376,THQ
3377,Mox Srl
3378,Kuhlmann Geschichtsspiele
3379,Birdwood Games
3380,William Morrow & Co.
3381,Rose Gauntlet Entertainment
3382,Salamander Games
3383,"Ball Park, Inc."
3384,Platinum Dragon Productions
3385,Smile
3386,Lupo Art Games
3387,Three Headed Monster
3388,Otto Maier Benelux B.V.
3389,Musashi Enterprises
3390,Paradox Interactive (I)
3391,"Three Nail Games, LLC"
3392,2 Creativos
3393,Alortujou
3394,Interformic Games
3395,Know Chance Games
3396,Fuller Flippers
3397,Donruss
3398,Rocket Games
3399,Feuer & Flamme
3400,MPH Games Co.
3401,Gamdow Games
3402,Neogames
3403,Shared Bulb Games
3404,Good Little Games
3405,Uncle Mike's Worldwide
3406,Fox and Ox Creations
3407,Carrom Company
3408,Tantrum House
3409,New World Alchemy
3410,Hercules Game Studios Ltd
3411,Zerofun Boardgames
3412,Mad Hatter's Toy & Game Factory
3413,Ejected Planet
3414,MoveTheGame Edizioni
3415,Strangely Games
3416,Celador
3417,The Red Joker
3418,RUSH Games
3419,Mings Enterprises
3420,Brain Punch Games
3421,Square Root Games
3422,Table Tactics
3423,Page-turner Games
3424,"World Wide Chaos, Inc."
3425,Keller & Mayer
3426,Black Tea Studios
3427,Virtualturf Ltd
3428,Rex Games
3429,Atomoton
3430,Stupid Awesome Games
3431,MasoGames
3432,Gaudete Games
3433,Aquarius
3434,The Game Chef
3435,Dice Maestro
3436,Speerit Strategy Games
3437,Spiellabor
3438,wredespiele
3439,"Kawada, Co. Ltd"
3440,"Two Robots, Inc"
3441,Spearhead Games
3442,らなとパパ (Lana&Papa)
3443,Pygmy Giraffe Games
3444,DriveThruCards
3445,Magic Box Int.
3446,Islima Games
3447,4th Street Software
3448,Battlespace Games
3449,Hill Goat
3450,Distant Seas Publishing
3451,Sabrewolf
3452,Clarendon Games
3453,Historical Concepts
3454,Oakland Publishing Services
3455,Talicor
3456,Commando Wargames
3457,Coo' Games
3458,吉々庵 (Kichikichian)
3459,Decoct Design
3460,Stratagem Publications LTD
3461,Unipart Verlag
3462,Around The Clock Games
3463,Anatex
3464,Barry & Jason Games and Entertainment
3465,Maranda Games
3466,Takoashi Games
3467,Ramses Bosque Art
3468,Zygomatic
3469,Franklin Mint
3470,Red Eyed Rabbit
3471,StormGames
3472,Sports Action Game Co. Ltd.
3473,Zelosport
3474,Dijon Jogos
3475,AndHeGames
3476,"DCP, Limited"
3477,Clou
3478,Laid Back Games
3479,Tetrakis
3480,LMW Works
3481,Toon Hammer
3482,La Folie Douce
3483,RetroPunk Game Design
3484,Yombembo Games
3485,Darmstadt spielt
3486,back2brain
3487,Franklin Merchandising Company
3488,Saenggak Plus Edu
3489,Fratelli Fabbri Editori
3490,Vivid Games
3491,Hiron Games
3492,VBAM Games
3493,Meet Me At The Table Games
3494,"Boardwalk Design, Inc."
3495,Raentikgames
3496,GameRock Studio s.r.o.
3497,Z OR ALIVE CIE
3498,Adellos
3499,Andy the Game Maker
3500,ÁSZ
3501,K2 Publishing
3502,Neobite Games
3503,Yago Pool GMBH
3504,Convergent Games
3505,Kod Kod
3506,Brando Gameworks
3507,GameHeads
3508,Outplay Games
3509,NightDreamer
3510,Recoculous
3511,Group SNE
3512,Beholder Kft.
3513,"Anthony Innovations, Inc."
3514,Constable & Co. Ltd.
3515,LORE / JMJ Enterprises
3516,Studi-Jo Pi
3517,Alt Mode Games
3518,Poisonfish Games
3519,Pendelhaven Press
3520,Surprise & Expectation
3521,TDD Inc.
3522,Oriflam
3523,Heraclio Fournier
3524,Anton Publications
3525,Urban Mammoth
3526,Rigby
3527,Fact and Fantasy Games
3528,Totally Wholesome Games
3529,Dieter Danziger Verlag
3530,"Castle Games, Inc."
3531,Olibrius Editions
3532,Adica Pongo
3533,Gwin Games
3534,dtv (Deutscher Taschenbuch Verlag)
3535,Hikidashi Trick
3536,Rimbold Enterprises
3537,Kevin's Got A Gun
3538,Upper Deck International
3539,Nova Carta BV
3540,Gobico
3541,Modern Evil Press
3542,TwoPointOh Games
3543,Oliphante
3544,Joe Fourhman
3545,Kilogames
3546,Druon
3547,Dorehami Games
3548,Brand Makers International
3549,RTK Studios
3550,Kwatta Games
3551,Enix
3552,JuegosdeMesa.com.ar
3553,"Saved Game, Lda"
3554,CrashStache Games
3555,Emmerse Studios
3556,Lost Age Games
3557,Pronto Play Games
3558,Panini Games
3559,Le Droit de Perdre
3560,JoyEnjoy Inc.
3561,Steel Cave Studio AB
3562,Pirojocs
3563,Green Dragon Creations
3564,Waning Gibbous Games
3565,Companion WarGames
3566,Sanoma Pro
3567,Rottenlead
3568,Farsa's Wagon
3569,PlaFul
3570,Pegasus Games NYC
3571,Kuro Neko Design Workshop
3572,"Intelectual Technologies, Inc."
3573,Ziggurat Games
3574,Historical Board Gaming
3575,Social Hour Games
3576,Dethrone Games
3577,Over The Edge Games
3578,Épica Juegos
3579,Eclipse Editions
3580,"Evermore Industries, Inc"
3581,Azure Horizon Games
3582,Trilobyte
3583,Wild East Game Company
3584,Worlds End Publishing
3585,MAD Games Ltd.
3586,Barking Spider
3587,Reality Cheque
3588,Char-Donn Creative Marketing
3589,KADABRA
3590,Niebla Games
3591,"Nintendo Co., Ltd."
3592,Parklife Games
3593,Happy Games Factory
3594,Fireforge Games
3595,NHL Enterprises
3596,Bonaparte
3597,BGC Editora
3598,GamesQuest
3599,Feva (UK) Ltd.
3600,Ludik Québec
3601,ZU Studios
3602,MDVC Games
3603,Templum
3604,Siroup Games
3605,Stramash Games Limited
3606,Find It Games
3607,Art Games
3608,Gilgamesh Games
3609,ITOS Enterprises
3610,American River Games
3611,House of Slack Games
3612,Protean Games
3613,Mishler Company
3614,BibleQuest
3615,Capri
3616,"Friendly Games, Inc."
3617,Lega Nerd
3618,C and J Toys Inc
3619,Hex-tri Társasjáték Műhely
3620,Foundry Miniatures Ltd
3621,Countermoves
3622,The Daniel Zayas Company
3623,Windy Ways Games Pty Ltd
3624,Dynamite Entertainment
3625,20th Century Fox
3626,Edda útgáfa
3627,Command Post Games
3628,FRogN Studio
3629,Lizardy
3630,MB Juegos
3631,Ginger Fox Ltd.
3632,Zadorf
3633,"C-ME, LLC"
3634,"Southern Fox, LLC"
3635,Adversity Games
3636,Ifoksapop
3637,Habourdin International
3638,USA Games Inc
3639,Mentalis Limited
3640,Arkenstone Publishing
3641,Lucid Raven Productions
3642,DMR Games
3643,Shawnsolo Games
3644,Team Custard Kraken
3645,Ultra Evil Studios
3646,Mind Altering Games
3647,Keys Publishing
3648,Pazow!
3649,Clarkson Potter
3650,Crooked Dice Game Design Studio
3651,IQideas Ltd
3652,Games Lab
3653,YULU
3654,Pelikan
3655,RANKA
3656,THQ Nordic GmbH
3657,Davis & Daughters Games
3658,MindWalk
3659,Grupa MV
3660,Vivid Imaginations
3661,Caldwell Gameworks
3662,"Good Knight Games, LLC"
3663,Oregon ConSim Games
3664,Die ganze Woche
3665,Big Fun
3666,BTR Games
3667,The Dietz Foundation
3668,Chipco Games
3669,"Pajaggle, Inc."
3670,Sly Game Design
3671,TwinBlade Games LLC
3672,Novedades Montecarlo
3673,Redzen Games
3674,Warp Spawn Games
3675,ひとりじゃ、生きられない。(I Cannot Live By Myself)
3676,Discovery Communications Inc.
3677,Navigator Creative
3678,Baskerville Productions
3679,Clipper Games Ltd
3680,Ingenium Games
3681,Twentieth Century Renaissance
3682,BOOM Editions
3683,Wannaplé
3684,Joyride Entertainment
3685,Strange Machine Games
3686,Piggy Bank Games
3687,Dark Age Games
3688,SolidRoots
3689,Siam Board Games
3690,Spacetopia Pte Ltd
3691,Art Meets Matter Ltd
3692,Little Bighorn Games
3693,"Don Gusano Games, Inc."
3694,Eclosion Games
3695,"Science Research Associates, Inc."
3696,HaPe International
3697,Secret Potion LLC
3698,Spot Games
3699,Symbiose
3700,F-Hein-Spiele
3701,Lumos
3702,alphaBIT
3703,Simployt Games
3704,IION Games (It's In Our Nature Games)
3705,"Holistic Design, Inc."
3706,"InnerLinks, Inc."
3707,Dawn Town Games (DTG)
3708,Waxwing Games
3709,Shafir Games (המשחקים של חיים שפיר)
3710,Earwig Enterprises
3711,Paper General
3712,The Enigma Emporium
3713,Alzo Zero
3714,Andon Unlimited
3715,Tambù
3716,Shades of Vengeance
3717,XII-Game
3718,Bella Spencer Games
3719,Fidget Creative
3720,Immolation Rite
3721,RiotMinds
3722,Leko Games
3723,Strategic Space
3724,ドイツゲーム喫茶B-CAFE
3725,Army National Guard
3726,Rhino Ventures
3727,BSiri Business
3728,Blair Arts Ltd.
3729,Buckingham Toys
3730,Vandering Publications
3731,Owzat Games
3732,INWAP Games
3733,Tin*Star Games
3734,Entreprises B.R.A.G.G.
3735,Iron Bear Studios
3736,KinSoul Studio
3737,Excelsior Games
3738,"A. K. Peters, Ltd."
3739,Hippocrene Books
3740,Cell Entertainment AB
3741,Dohánytoys
3742,1979games
3743,Other Worlds Gamebooks
3744,Filsfils International
3745,Wydawnictwo Alter
3746,escenaRYS
3747,Warcradle Studios
3748,11231 Games
3749,Paper Forge
3750,Leptopus Games
3751,Just Play Games
3752,Kompass Spiele
3753,So Way Totally Awesome Games
3754,Interlude
3755,Sinister Design
3756,Biyigames
3757,Happy Gorilla Game Studio
3758,Origami Whale
3759,Experimental Playground
3760,Transit Tees
3761,Curious Games
3762,BrickWarriors
3763,Dagbostar Games
3764,"Savita Games, Inc."
3765,Thunder Castle Games
3766,Silberberg Spiele
3767,Omni Gaming Products
3768,Siler/Siler Ventures
3769,Astragal
3770,Strate & J
3771,"Fantastic Forges, Inc"
3772,"Terran Games, Inc."
3773,Open Road Games
3774,Dark Blade Creations
3775,VRGames
3776,Dada-pelit ky
3777,Amerigames International
3778,Van der Veer Games
3779,East Street Games
3780,Wild Boys Studio
3781,ReTurn from Subroutine LLC
3782,Agentur Vielfalt
3783,MARS GAMES
3784,Keylugen
3785,XD Productions
3786,Wittspiel
3787,Garage Games Australia
3788,Solis Game Studio
3789,"TwoMonkeyStudios, LLC"
3790,Games with Teeth
3791,Re:creation Group Plc
3792,Fantasy Board Games LLC
3793,Close Simulations
3794,Editoys
3795,Eye Spy Enterprises
3796,Studio Trojan
3797,"Hilaria & Ludi, LLC"
3798,Lazy Days (I)
3799,da Vinci's Room
3800,Miss Merc007 Games
3801,Antler
3802,After the World Ended Committee
3803,Chèvre Edition
3804,America Games Inc.
3805,"Galatune, LLC"
3806,Tower Guard Games
3807,Signature Board Games
3808,Urban Meadows Publishing Ltd
3809,Amuza
3810,Travesty Games
3811,Goalmind S.A.
3812,Cuis
3813,Carolina Biological Supply Company
3814,Isensee Verlag
3815,authorHouse
3816,Paladone
3817,"The Gelles-Widmer Division - McGraw-Hill Book Company, Inc."
3818,Lost Horizons
3819,"Ash Grove Press, Inc."
3820,Land of Legend
3821,Think Games
3822,Capital Games Ltd
3823,Guild of Blades
3824,こぐま工房 (Koguma Koubou)
